,ticker,short_name,security_name,name,long_comp_name
1284849D US Equity,1284849D,ALLERGAN INC/UNI,Allergan Inc/United States,ALLERGAN INC/UNITED STATES,Allergan Inc/United States
1288453D US Equity,1288453D,MONSTER BEVERAGE,Monster Beverage 1990 Corp,MONSTER BEVERAGE 1990 CORP,Monster Beverage 1990 Corp
1436513D US Equity,1436513D,JOHNSON CONTROLS,Johnson Controls Inc,JOHNSON CONTROLS INC,Johnson Controls Inc
1437355D US Equity,1437355D,SEATTLE SPINCO-A,Seattle SpinCo Inc,SEATTLE SPINCO INC-CLASS A,Seattle SpinCo Inc
1448062D US Equity,1448062D,DIRECTV,DIRECTV,DIRECTV,DIRECTV
1500785D US Equity,1500785D,TECO ENERGY INC,TECO Energy Inc,TECO ENERGY INC,TECO Energy Inc
1518855D US Equity,1518855D,YAHOO! INC - SET,Yahoo! Inc - Set up for Fundam,YAHOO! INC - SET UP FOR FUND,Yahoo! Inc - Set up for Fundamental Purposes
1539941D US Equity,1539941D,SPECTRA ENERGY L,Spectra Energy LLC,SPECTRA ENERGY LLC,Spectra Energy LLC
1541931D US Equity,1541931D,ALTERA CORP,Altera Corp,ALTERA CORP,Altera Corp
1566019D US Equity,1566019D,ADT SECURITY COR,ADT Security Corp/The,ADT SECURITY CORP/THE,ADT Security Corp/The
1684442D US Equity,1684442D,PALL CORP,Pall Corp,PALL CORP,Pall Corp
1697067D US Equity,1697067D,DOW CHEMICAL CO,Dow Chemical Co/The,DOW CHEMICAL CO/THE,Dow Chemical Co/The
1715651D US Equity,1715651D,EIDP INC,EIDP Inc,EIDP INC,EIDP Inc
1806854D US Equity,1806854D,DUN & BRADSTREET,Dun & Bradstreet Corp/The,DUN & BRADSTREET CORP,Dun & Bradstreet Corp/The
1831877D US Equity,1831877D,XL GROUP LTD,XL Group Ltd,XL GROUP LTD,XL Group Ltd
1844053D US Equity,1844053D,APARTMENT INVEST,Apartment Investment and Manag,APARTMENT INVESTMENT AND MAN,Apartment Investment and Management Co
1856613D US Equity,1856613D,MONSANTO CO,Monsanto Co,MONSANTO CO,Monsanto Co
1922150D US Equity,1922150D,LINDE INC/CT,Linde Inc/CT,LINDE INC/CT,Linde Inc/CT
1927294D US Equity,1927294D,L3 TECHNOLOGIES,L3 Technologies Inc,L3 TECHNOLOGIES INC,L3 Technologies Inc
2078185D US Equity,2078185D,TIFFANY & CO,Tiffany & Co,TIFFANY & CO,Tiffany & Co
2258717D US Equity,2258717D,EMC CORP/MA,EMC Corp,EMC CORP/MA,EMC Corp
2326248D US Equity,2326248D,CA INC,CA Inc,CA INC,CA Inc
2370058D US Equity,2370058D,SUNTRUST BANKS,SunTrust Banks Inc,SUNTRUST BANKS INC,SunTrust Banks Inc
2499073D US Equity,2499073D,IHS MARKIT LTD,IHS Markit Ltd,IHS MARKIT LTD,IHS Markit Ltd
2544554D US Equity,2544554D,SANDISK LLC,SanDisk LLC,SANDISK LLC,SanDisk LLC
2557974D US Equity,2557974D,PEPCO HOLDINGS,Pepco Holdings LLC,PEPCO HOLDINGS LLC,Pepco Holdings LLC
2558202D US Equity,2558202D,SCRIPPS NET-CL A,Scripps Networks Interactive I,SCRIPPS NETWORKS INTER-CL A,Scripps Networks Interactive Inc
2584271D US Equity,2584271D,PLUM CREEK TIMBR,Plum Creek Timber Co Inc,PLUM CREEK TIMBER CO,Plum Creek Timber Co Inc
9876549D US Equity,9876549D,NIELSEN NV,Nielsen NV,NIELSEN NV,Nielsen NV
9876566D US Equity,9876566D,CHUBB CORP,Chubb Corp/The,CHUBB CORP,Chubb Corp/The
9903115D US Equity,9903115D,BLACKROCK FINANC,Blackrock Finance Inc,BLACKROCK FINANCE INC,Blackrock Finance Inc
9980328D US Equity,9980328D,LABORATORY CP,Laboratory Corp of America Hol,LABORATORY CRP OF AMER HLDGS,Laboratory Corp of America Holdings
9983490D US Equity,9983490D,TE CONNECTIVITY,TE Connectivity Ltd,TE CONNECTIVITY LTD,TE Connectivity Ltd
9990213D US Equity,9990213D,JACOBS ENGIN GRP,Jacobs Engineering Group Inc,JACOBS ENGINEERING GROUP INC,Jacobs Engineering Group Inc
9991429D US Equity,9991429D,APTIV IRISH HOLD,Aptiv Irish Holdings Ltd,APTIV IRISH HOLDINGS LTD,Aptiv Irish Holdings Ltd
A US Equity,A,AGILENT TECH INC,Agilent Technologies Inc,AGILENT TECHNOLOGIES INC,Agilent Technologies Inc
AA US Equity,AA,ALCOA CORP,Alcoa Corp,ALCOA CORP,Alcoa Corp
AAL US Equity,AAL,AMERICAN AIRLINE,American Airlines Group Inc,AMERICAN AIRLINES GROUP INC,American Airlines Group Inc
AAP US Equity,AAP,ADVANCE AUTO PAR,Advance Auto Parts Inc,ADVANCE AUTO PARTS INC,Advance Auto Parts Inc
AAPL US Equity,AAPL,APPLE INC,Apple Inc,APPLE INC,Apple Inc
ABBV US Equity,ABBV,ABBVIE INC,AbbVie Inc,ABBVIE INC,AbbVie Inc
ABMD US Equity,ABMD,ABIOMED INC,ABIOMED Inc,ABIOMED INC,ABIOMED Inc
ABNB US Equity,ABNB,AIRBNB INC-A,Airbnb Inc,AIRBNB INC-CLASS A,Airbnb Inc
ABT US Equity,ABT,ABBOTT LABS,Abbott Laboratories,ABBOTT LABORATORIES,Abbott Laboratories
ACGL US Equity,ACGL,ARCH CAPITAL GRP,Arch Capital Group Ltd,ARCH CAPITAL GROUP LTD,Arch Capital Group Ltd
ACN US Equity,ACN,ACCENTURE PLC-A,Accenture PLC,ACCENTURE PLC-CL A,Accenture PLC
ADBE US Equity,ADBE,ADOBE INC,Adobe Inc,ADOBE INC,Adobe Inc
ADI US Equity,ADI,ANALOG DEVICES,Analog Devices Inc,ANALOG DEVICES INC,Analog Devices Inc
ADM US Equity,ADM,ARCHER-DANIELS,Archer-Daniels-Midland Co,ARCHER-DANIELS-MIDLAND CO,Archer-Daniels-Midland Co
ADP US Equity,ADP,AUTOMATIC DATA,Automatic Data Processing Inc,AUTOMATIC DATA PROCESSING,Automatic Data Processing Inc
ADSK US Equity,ADSK,AUTODESK INC,Autodesk Inc,AUTODESK INC,Autodesk Inc
AEE US Equity,AEE,AMEREN CORP,Ameren Corp,AMEREN CORPORATION,Ameren Corp
AEP US Equity,AEP,AMERICAN ELECTRI,American Electric Power Co Inc,AMERICAN ELECTRIC POWER,American Electric Power Co Inc
AES US Equity,AES,AES CORP,AES Corp/The,AES CORP,AES Corp/The
AET US Equity,AET,AETNA INC,Aetna Inc,AETNA INC,Aetna Inc
AFL US Equity,AFL,AFLAC INC,Aflac Inc,AFLAC INC,Aflac Inc
AGN US Equity,AGN,ALLERGAN UNLTD C,Allergan UnLtd Co,ALLERGAN UNLTD CO,Allergan UnLtd Co
AIG US Equity,AIG,AMERICAN INTERNA,American International Group I,AMERICAN INTERNATIONAL GROUP,American International Group Inc
AIRC US Equity,AIRC,APARTMENT INCOME,Apartment Income REIT Corp,APARTMENT INCOME REIT CO,Apartment Income REIT Corp
AIV US Equity,AIV,APARTMENT INVEST,Apartment Investment and Manag,APARTMENT INVT & MGMT CO -A,Apartment Investment and Management Co
AIZ US Equity,AIZ,ASSURANT INC,Assurant Inc,ASSURANT INC,Assurant Inc
AJG US Equity,AJG,ARTHUR J GALLAGH,Arthur J Gallagher & Co,ARTHUR J GALLAGHER & CO,Arthur J Gallagher & Co
AKAM US Equity,AKAM,AKAMAI TECHNOLOG,Akamai Technologies Inc,AKAMAI TECHNOLOGIES INC,Akamai Technologies Inc
ALB US Equity,ALB,ALBEMARLE CORP,Albemarle Corp,ALBEMARLE CORP,Albemarle Corp
ALGN US Equity,ALGN,ALIGN TECHNOLOGY,Align Technology Inc,ALIGN TECHNOLOGY INC,Align Technology Inc
ALK US Equity,ALK,ALASKA AIR GROUP,Alaska Air Group Inc,ALASKA AIR GROUP INC,Alaska Air Group Inc
ALL US Equity,ALL,ALLSTATE CORP,Allstate Corp/The,ALLSTATE CORP,Allstate Corp/The
ALLE US Equity,ALLE,ALLEGION PLC,Allegion plc,ALLEGION PLC,Allegion plc
ALXN US Equity,ALXN,ALEXION PHARM,Alexion Pharmaceuticals Inc/MA,ALEXION PHARMACEUTICALS INC,Alexion Pharmaceuticals Inc/MA
AMAT US Equity,AMAT,APPLIED MATERIAL,Applied Materials Inc,APPLIED MATERIALS INC,Applied Materials Inc
AMCR US Equity,AMCR,AMCOR PLC,Amcor PLC,AMCOR PLC,Amcor PLC
AMD US Equity,AMD,ADV MICRO DEVICE,Advanced Micro Devices Inc,ADVANCED MICRO DEVICES,Advanced Micro Devices Inc
AME US Equity,AME,AMETEK INC,AMETEK Inc,AMETEK INC,AMETEK Inc
AMG US Equity,AMG,AFFIL MANAGERS,Affiliated Managers Group Inc,AFFILIATED MANAGERS GROUP,Affiliated Managers Group Inc
AMGN US Equity,AMGN,AMGEN INC,Amgen Inc,AMGEN INC,Amgen Inc
AMP US Equity,AMP,AMERIPRISE FINAN,Ameriprise Financial Inc,AMERIPRISE FINANCIAL INC,Ameriprise Financial Inc
AMT US Equity,AMT,AMERICAN TOWER C,American Tower Corp,AMERICAN TOWER CORP,American Tower Corp
AMTM US Equity,AMTM,AMENTUM HOLDINGS,Amentum Holdings Inc,AMENTUM HOLDINGS INC,Amentum Holdings Inc
AMZN US Equity,AMZN,AMAZON.COM INC,Amazon.com Inc,AMAZON.COM INC,Amazon.com Inc
AN US Equity,AN,AUTONATION INC,AutoNation Inc,AUTONATION INC,AutoNation Inc
ANDV US Equity,ANDV,ANDEAVOR,Andeavor,ANDEAVOR,Andeavor
ANET US Equity,ANET,ARISTA NETWORKS,Arista Networks Inc,ARISTA NETWORKS INC,Arista Networks Inc
ANSS US Equity,ANSS,ANSYS INC,ANSYS Inc,ANSYS INC,ANSYS Inc
AON US Equity,AON,AON PLC-CLASS A,Aon PLC,AON PLC-CLASS A,Aon PLC
AOS US Equity,AOS,SMITH (A.O.)CORP,A O Smith Corp,SMITH (A.O.) CORP,A O Smith Corp
APA US Equity,APA,APA CORP,APA Corp,APA CORP,APA Corp
APC US Equity,APC,ANADARKO PETROLE,Anadarko Petroleum Corp,ANADARKO PETROLEUM CORP,Anadarko Petroleum Corp
APD US Equity,APD,AIR PRODS & CHEM,Air Products and Chemicals Inc,AIR PRODUCTS & CHEMICALS INC,Air Products and Chemicals Inc
APH US Equity,APH,AMPHENOL CORP-A,Amphenol Corp,AMPHENOL CORP-CL A,Amphenol Corp
APO US Equity,APO,APOLLO GLOBAL MA,Apollo Global Management Inc,APOLLO GLOBAL MANAGEMENT INC,Apollo Global Management Inc
APTV US Equity,APTV,APTIV PLC,Aptiv PLC,APTIV PLC,Aptiv PLC
ARE US Equity,ARE,ALEXANDRIA REAL,Alexandria Real Estate Equitie,ALEXANDRIA REAL ESTATE EQUIT,Alexandria Real Estate Equities Inc
ARG US Equity,ARG,AIRGAS INC,Airgas Inc,AIRGAS INC,Airgas Inc
ARNC US Equity,ARNC,ARCONIC CORP,Arconic Corp,ARCONIC CORP,Arconic Corp
ATI US Equity,ATI,ATI INC,ATI Inc,ATI INC,ATI Inc
ATO US Equity,ATO,ATMOS ENERGY,Atmos Energy Corp,ATMOS ENERGY CORP,Atmos Energy Corp
ATVI US Equity,ATVI,ACTIVISION BLIZZ,Activision Blizzard Inc,ACTIVISION BLIZZARD INC,Activision Blizzard Inc
AVB US Equity,AVB,AVALONBAY COMMUN,AvalonBay Communities Inc,AVALONBAY COMMUNITIES INC,AvalonBay Communities Inc
AVGO US Equity,AVGO,BROADCOM INC,Broadcom Inc,BROADCOM INC,Broadcom Inc
AVP US Equity,AVP,AVON PRODUCTS IN,Avon Products Inc,AVON PRODUCTS INC,Avon Products Inc
AVY US Equity,AVY,AVERY DENNISON,Avery Dennison Corp,AVERY DENNISON CORP,Avery Dennison Corp
AWK US Equity,AWK,AMERICAN WATER W,American Water Works Co Inc,AMERICAN WATER WORKS CO INC,American Water Works Co Inc
AXON US Equity,AXON,AXON ENTERPRISE,Axon Enterprise Inc,AXON ENTERPRISE INC,Axon Enterprise Inc
AXP US Equity,AXP,AMERICAN EXPRESS,American Express Co,AMERICAN EXPRESS CO,American Express Co
AYI US Equity,AYI,ACUITY INC,Acuity Inc,ACUITY INC,Acuity Inc
AZO US Equity,AZO,AUTOZONE INC,AutoZone Inc,AUTOZONE INC,AutoZone Inc
BA US Equity,BA,BOEING CO/THE,Boeing Co/The,BOEING CO/THE,Boeing Co/The
BAC US Equity,BAC,BANK OF AMERICA,Bank of America Corp,BANK OF AMERICA CORP,Bank of America Corp
BALL US Equity,BALL,BALL CORP,Ball Corp,BALL CORP,Ball Corp
BAX US Equity,BAX,BAXTER INTL INC,Baxter International Inc,BAXTER INTERNATIONAL INC,Baxter International Inc
BBBYQ US Equity,BBBYQ,20230930-DK-BUTT,20230930-DK-Butterfly-1 Inc,20230930-DK-BUTTERFLY-1 INC,20230930-DK-Butterfly-1 Inc
BBWI US Equity,BBWI,BATH & BODY WORK,Bath & Body Works Inc,BATH & BODY WORKS INC,Bath & Body Works Inc
BBY US Equity,BBY,BEST BUY CO INC,Best Buy Co Inc,BEST BUY CO INC,Best Buy Co Inc
BCR US Equity,BCR,CR BARD INC,CR Bard Inc,CR BARD INC,CR Bard Inc
BDX US Equity,BDX,BECTON DICKINSON,Becton Dickinson & Co,BECTON DICKINSON AND CO,Becton Dickinson & Co
BEN US Equity,BEN,FRANKLIN RES INC,Franklin Resources Inc,FRANKLIN RESOURCES INC,Franklin Resources Inc
BF/B US Equity,BF/B,BROWN-FORMAN -B,Brown-Forman Corp,BROWN-FORMAN CORP-CLASS B,Brown-Forman Corp
BFH US Equity,BFH,BREAD FINANCIAL,Bread Financial Holdings Inc,BREAD FINANCIAL HOLDINGS INC,Bread Financial Holdings Inc
BG US Equity,BG,BUNGE GLOBAL SA,Bunge Global SA,BUNGE GLOBAL SA,Bunge Global SA
BHF US Equity,BHF,BRIGHTHOUSE FINA,Brighthouse Financial Inc,BRIGHTHOUSE FINANCIAL INC,Brighthouse Financial Inc
BHI US Equity,BHI,BAKER HUGHES HOL,Baker Hughes Holdings LLC,BAKER HUGHES HOLDINGS LLC,Baker Hughes Holdings LLC
BIIB US Equity,BIIB,BIOGEN INC,Biogen Inc,BIOGEN INC,Biogen Inc
BIO US Equity,BIO,BIO-RAD LABS-A,Bio-Rad Laboratories Inc,BIO-RAD LABORATORIES-A,Bio-Rad Laboratories Inc
BK US Equity,BK,BANK NY MELLON,Bank of New York Mellon Corp/T,BANK OF NEW YORK MELLON CORP,Bank of New York Mellon Corp/The
BKNG US Equity,BKNG,BOOKING HOLDINGS,Booking Holdings Inc,BOOKING HOLDINGS INC,Booking Holdings Inc
BKR US Equity,BKR,BAKER HUGHES CO,Baker Hughes Co,BAKER HUGHES CO,Baker Hughes Co
BLDR US Equity,BLDR,BUILDERS FIRSTSO,Builders FirstSource Inc,BUILDERS FIRSTSOURCE INC,Builders FirstSource Inc
BLK US Equity,BLK,BLACKROCK INC,Blackrock Inc,BLACKROCK INC,Blackrock Inc
BMS US Equity,BMS,AMCOR FLEXIBLES,Amcor Flexibles North America,AMCOR FLEXIBLES NORTH AMERIC,Amcor Flexibles North America Inc
BMY US Equity,BMY,BRISTOL-MYER SQB,Bristol-Myers Squibb Co,BRISTOL-MYERS SQUIBB CO,Bristol-Myers Squibb Co
BR US Equity,BR,BROADRIDGE FINL,Broadridge Financial Solutions,BROADRIDGE FINANCIAL SOLUTIO,Broadridge Financial Solutions Inc
BRCM US Equity,BRCM,BROADCOM CORP-A,Broadcom Corp,BROADCOM CORP-CL A,Broadcom Corp
BRK/B US Equity,BRK/B,BERKSHIRE HATH-B,Berkshire Hathaway Inc,BERKSHIRE HATHAWAY INC-CL B,Berkshire Hathaway Inc
BRO US Equity,BRO,BROWN & BROWN,Brown & Brown Inc,BROWN & BROWN INC,Brown & Brown Inc
BSX US Equity,BSX,BOSTON SCIENTIFC,Boston Scientific Corp,BOSTON SCIENTIFIC CORP,Boston Scientific Corp
BWA US Equity,BWA,BORGWARNER INC,BorgWarner Inc,BORGWARNER INC,BorgWarner Inc
BX US Equity,BX,BLACKSTONE INC,Blackstone Inc,BLACKSTONE INC,Blackstone Inc
BXLT US Equity,BXLT,BAXALTA INC,Baxalta Inc,BAXALTA INC,Baxalta Inc
BXP US Equity,BXP,BXP INC,BXP Inc,BXP INC,BXP Inc
C US Equity,C,CITIGROUP INC,Citigroup Inc,CITIGROUP INC,Citigroup Inc
CAG US Equity,CAG,CONAGRA BRANDS I,Conagra Brands Inc,CONAGRA BRANDS INC,Conagra Brands Inc
CAH US Equity,CAH,CARDINAL HEALTH,Cardinal Health Inc,CARDINAL HEALTH INC,Cardinal Health Inc
CAM US Equity,CAM,CAMERON INTERNAT,Cameron International Corp,CAMERON INTERNATIONAL CORP,Cameron International Corp
CARR US Equity,CARR,CARRIER GLOB,Carrier Global Corp,CARRIER GLOBAL CORP,Carrier Global Corp
CAT US Equity,CAT,CATERPILLAR INC,Caterpillar Inc,CATERPILLAR INC,Caterpillar Inc
CB US Equity,CB,CHUBB LTD,Chubb Ltd,CHUBB LTD,Chubb Ltd
CBOE US Equity,CBOE,CBOE GLOBAL MARK,Cboe Global Markets Inc,CBOE GLOBAL MARKETS INC,Cboe Global Markets Inc
CBRE US Equity,CBRE,CBRE GROUP INC-A,CBRE Group Inc,CBRE GROUP INC - A,CBRE Group Inc
CCEP US Equity,CCEP,COCA-COLA EUROPA,Coca-Cola Europacific Partners,COCA-COLA EUROPACIFIC PARTNE,Coca-Cola Europacific Partners PLC
CCI US Equity,CCI,CROWN CASTLE INC,Crown Castle Inc,CROWN CASTLE INC,Crown Castle Inc
CCL US Equity,CCL,CARNIVAL CORP,Carnival Corp,CARNIVAL CORP,Carnival Corp
CDNS US Equity,CDNS,CADENCE DESIGN,Cadence Design Systems Inc,CADENCE DESIGN SYS INC,Cadence Design Systems Inc
CDW US Equity,CDW,CDW CORP/DE,CDW Corp/DE,CDW CORP/DE,CDW Corp/DE
CE US Equity,CE,CELANESE CORP,Celanese Corp,CELANESE CORP,Celanese Corp
CEG US Equity,CEG,CONSTELLATION EN,Constellation Energy Corp,CONSTELLATION ENERGY,Constellation Energy Corp
CELG US Equity,CELG,CELGENE CORP,Celgene Corp,CELGENE CORP,Celgene Corp
CERN US Equity,CERN,CERNER CORP,Cerner Corp,CERNER CORP,Cerner Corp
CF US Equity,CF,CF INDUSTRIES HO,CF Industries Holdings Inc,CF INDUSTRIES HOLDINGS INC,CF Industries Holdings Inc
CFG US Equity,CFG,CITIZENS FINANCI,Citizens Financial Group Inc,CITIZENS FINANCIAL GROUP,Citizens Financial Group Inc
CFN US Equity,CFN,CAREFUSION CORP,CareFusion Corp,CAREFUSION CORP,CareFusion Corp
CHD US Equity,CHD,CHURCH & DWIGHT,Church & Dwight Co Inc,CHURCH & DWIGHT CO INC,Church & Dwight Co Inc
CHKAQ US Equity,CHKAQ,CHESAPEAKE ENERG,Expand Energy Corp,CHESAPEAKE ENERGY CORP,Expand Energy Corp
CHRW US Equity,CHRW,CH ROBINSON,CH Robinson Worldwide Inc,C.H. ROBINSON WORLDWIDE INC,CH Robinson Worldwide Inc
CHTR US Equity,CHTR,CHARTER COMMUN-A,Charter Communications Inc,CHARTER COMMUNICATIONS INC-A,Charter Communications Inc
CI US Equity,CI,THE CIGNA GROUP,Cigna Group/The,THE CIGNA GROUP,Cigna Group/The
CINF US Equity,CINF,CINCINNATI FIN,Cincinnati Financial Corp,CINCINNATI FINANCIAL CORP,Cincinnati Financial Corp
CL US Equity,CL,COLGATE-PALMOLIV,Colgate-Palmolive Co,COLGATE-PALMOLIVE CO,Colgate-Palmolive Co
CLX US Equity,CLX,CLOROX CO,Clorox Co/The,CLOROX COMPANY,Clorox Co/The
CMA US Equity,CMA,COMERICA INC,Comerica Inc,COMERICA INC,Comerica Inc
CMCSA US Equity,CMCSA,COMCAST CORP-A,Comcast Corp,COMCAST CORP-CLASS A,Comcast Corp
CMCSK US Equity,CMCSK,COMCAST CORP-SPL,Comcast Corp,COMCAST CORP-SPECIAL CL A,Comcast Corp
CME US Equity,CME,CME GROUP INC,CME Group Inc,CME GROUP INC,CME Group Inc
CMG US Equity,CMG,CHIPOTLE MEXICAN,Chipotle Mexican Grill Inc,CHIPOTLE MEXICAN GRILL INC,Chipotle Mexican Grill Inc
CMI US Equity,CMI,CUMMINS INC,Cummins Inc,CUMMINS INC,Cummins Inc
CMS US Equity,CMS,CMS ENERGY CORP,CMS Energy Corp,CMS ENERGY CORP,CMS Energy Corp
CNC US Equity,CNC,CENTENE CORP,Centene Corp,CENTENE CORP,Centene Corp
CNP US Equity,CNP,CENTERPOINT ENER,CenterPoint Energy Inc,CENTERPOINT ENERGY INC,CenterPoint Energy Inc
CNX US Equity,CNX,CNX RESOURCES CO,CNX Resources Corp,CNX RESOURCES CORP,CNX Resources Corp
COF US Equity,COF,CAPITAL ONE FINA,Capital One Financial Corp,CAPITAL ONE FINANCIAL CORP,Capital One Financial Corp
COIN US Equity,COIN,COINBASE GLOBA-A,Coinbase Global Inc,COINBASE GLOBAL INC -CLASS A,Coinbase Global Inc
COL US Equity,COL,ROCKWELL COLLINS,Rockwell Collins Inc,ROCKWELL COLLINS INC,Rockwell Collins Inc
COO US Equity,COO,COOPER COS INC,Cooper Cos Inc/The,COOPER COS INC/THE,Cooper Cos Inc/The
COP US Equity,COP,CONOCOPHILLIPS,ConocoPhillips,CONOCOPHILLIPS,ConocoPhillips
COR US Equity,COR,CENCORA INC,Cencora Inc,CENCORA INC,Cencora Inc
COST US Equity,COST,COSTCO WHOLESALE,Costco Wholesale Corp,COSTCO WHOLESALE CORP,Costco Wholesale Corp
COTY US Equity,COTY,COTY INC-CL A,Coty Inc,COTY INC-CL A,Coty Inc
COV US Equity,COV,COVIDIEN LTD,Covidien Ltd,COVIDIEN LTD,Covidien Ltd
CPAY US Equity,CPAY,CORPAY INC,Corpay Inc,CORPAY INC,Corpay Inc
CPB US Equity,CPB,THE CAMPBELL'S C,The Campbell's Company,THE CAMPBELL'S COMPANY,The Campbell's Company
CPGX US Equity,CPGX,COLUMBIA PIPELIN,Columbia Pipeline Group Inc,COLUMBIA PIPELINE GROUP,Columbia Pipeline Group Inc
CPRI US Equity,CPRI,CAPRI HOLDINGS L,Capri Holdings Ltd,CAPRI HOLDINGS LTD,Capri Holdings Ltd
CPRT US Equity,CPRT,COPART INC,Copart Inc,COPART INC,Copart Inc
CPT US Equity,CPT,CAMDEN PROP TR,Camden Property Trust,CAMDEN PROPERTY TRUST,Camden Property Trust
CRL US Equity,CRL,CHARLES RIVER LA,Charles River Laboratories Int,CHARLES RIVER LABORATORIES,Charles River Laboratories International Inc
CRM US Equity,CRM,SALESFORCE INC,Salesforce Inc,SALESFORCE INC,Salesforce Inc
CRWD US Equity,CRWD,CROWDSTRIKE HO-A,Crowdstrike Holdings Inc,CROWDSTRIKE HOLDINGS INC - A,Crowdstrike Holdings Inc
CSC US Equity,CSC,COMPUTER SCIENCE,Computer Sciences Corp,COMPUTER SCIENCES CORP,Computer Sciences Corp
CSCO US Equity,CSCO,CISCO SYSTEMS,Cisco Systems Inc,CISCO SYSTEMS INC,Cisco Systems Inc
CSGP US Equity,CSGP,COSTAR GROUP INC,CoStar Group Inc,COSTAR GROUP INC,CoStar Group Inc
CSRA US Equity,CSRA,CSRA INC,CSRA Inc,CSRA INC,CSRA Inc
CSX US Equity,CSX,CSX CORP,CSX Corp,CSX CORP,CSX Corp
CTAS US Equity,CTAS,CINTAS CORP,Cintas Corp,CINTAS CORP,Cintas Corp
CTLT US Equity,CTLT,CATALENT INC,Catalent Inc,CATALENT INC,Catalent Inc
CTRA US Equity,CTRA,COTERRA ENERGY I,Coterra Energy Inc,COTERRA ENERGY INC,Coterra Energy Inc
CTSH US Equity,CTSH,COGNIZANT TECH-A,Cognizant Technology Solutions,COGNIZANT TECH SOLUTIONS-A,Cognizant Technology Solutions Corp
CTVA US Equity,CTVA,CORTEVA INC,Corteva Inc,CORTEVA INC,Corteva Inc
CTXS US Equity,CTXS,CITRIX SYSTEMS,Citrix Systems Inc,CITRIX SYSTEMS INC,Citrix Systems Inc
CVC US Equity,CVC,CABLEVISION SY-A,Cablevision Systems Corp,CABLEVISION SYSTEMS-NY GRP-A,Cablevision Systems Corp
CVET US Equity,CVET,COVETRUS INC,Covetrus Inc,COVETRUS INC,Covetrus Inc
CVS US Equity,CVS,CVS HEALTH CORP,CVS Health Corp,CVS HEALTH CORP,CVS Health Corp
CVX US Equity,CVX,CHEVRON CORP,Chevron Corp,CHEVRON CORP,Chevron Corp
CXO US Equity,CXO,CONCHO RESOURCES,Concho Resources Inc,CONCHO RESOURCES INC,Concho Resources Inc
CZR US Equity,CZR,CAESARS ENTERTAI,Caesars Entertainment Inc,CAESARS ENTERTAINMENT INC,Caesars Entertainment Inc
D US Equity,D,DOMINION ENERGY,Dominion Energy Inc,DOMINION ENERGY INC,Dominion Energy Inc
DAL US Equity,DAL,DELTA AIR LI,Delta Air Lines Inc,DELTA AIR LINES INC,Delta Air Lines Inc
DASH US Equity,DASH,DOORDASH INC-A,DoorDash Inc,DOORDASH INC - A,DoorDash Inc
DAY US Equity,DAY,DAYFORCE INC,Dayforce Inc,DAYFORCE INC,Dayforce Inc
DD US Equity,DD,DUPONT DE NEMOUR,DuPont de Nemours Inc,DUPONT DE NEMOURS INC,DuPont de Nemours Inc
DDOG US Equity,DDOG,DATADOG INC-A,Datadog Inc,DATADOG INC - CLASS A,Datadog Inc
DE US Equity,DE,DEERE & CO,Deere & Co,DEERE & CO,Deere & Co
DECK US Equity,DECK,DECKERS OUTDOOR,Deckers Outdoor Corp,DECKERS OUTDOOR CORP,Deckers Outdoor Corp
DELL US Equity,DELL,DELL TECHN-C,Dell Technologies Inc,DELL TECHNOLOGIES -C,Dell Technologies Inc
DFS US Equity,DFS,DISCOVER FINANCI,Discover Financial Services,DISCOVER FINANCIAL SERVICES,Discover Financial Services
DG US Equity,DG,DOLLAR GENERAL C,Dollar General Corp,DOLLAR GENERAL CORP,Dollar General Corp
DGX US Equity,DGX,QUEST DIAGNOSTIC,Quest Diagnostics Inc,QUEST DIAGNOSTICS INC,Quest Diagnostics Inc
DHI US Equity,DHI,DR HORTON INC,DR Horton Inc,DR HORTON INC,DR Horton Inc
DHR US Equity,DHR,DANAHER CORP,Danaher Corp,DANAHER CORP,Danaher Corp
DIS US Equity,DIS,WALT DISNEY CO/T,Walt Disney Co/The,WALT DISNEY CO/THE,Walt Disney Co/The
DISCA US Equity,DISCA,WARNER BROS DISC,Warner Bros Discovery Inc,WARNER BROS DISCOVERY INC,Warner Bros Discovery Inc
DISCK US Equity,DISCK,DISCOVERY INC-C,Warner Bros Discovery Inc,DISCOVERY INC-C,Warner Bros Discovery Inc
DISH US Equity,DISH,DISH NETWORK-A,DISH Network Corp,DISH NETWORK CORP-A,DISH Network Corp
DLR US Equity,DLR,DIGITAL REALTY,Digital Realty Trust Inc,DIGITAL REALTY TRUST INC,Digital Realty Trust Inc
DLTR US Equity,DLTR,DOLLAR TREE INC,Dollar Tree Inc,DOLLAR TREE INC,Dollar Tree Inc
DNRCQ US Equity,DNRCQ,DENBURY INC-BANK,Denbury Inc,DENBURY INC-PRE BANKRUPTCY,Denbury Inc
DOC US Equity,DOC,HEALTHPEAK PROPE,Healthpeak Properties Inc,HEALTHPEAK PROPERTIES INC,Healthpeak Properties Inc
DOFSQ US Equity,DOFSQ,DIAMOND OFFSHORE,Diamond Offshore Drilling Inc,DIAMOND OFFSHORE DRILLING,Diamond Offshore Drilling Inc
DOV US Equity,DOV,DOVER CORP,Dover Corp,DOVER CORP,Dover Corp
DOW US Equity,DOW,DOW INC,Dow Inc,DOW INC,Dow Inc
DPZ US Equity,DPZ,DOMINO'S PIZZA,Domino's Pizza Inc,DOMINO'S PIZZA INC,Domino's Pizza Inc
DRE US Equity,DRE,DUKE REALTY CORP,Duke Realty Corp,DUKE REALTY CORP,Duke Realty Corp
DRI US Equity,DRI,DARDEN RESTAURAN,Darden Restaurants Inc,DARDEN RESTAURANTS INC,Darden Restaurants Inc
DTE US Equity,DTE,DTE ENERGY CO,DTE Energy Co,DTE ENERGY COMPANY,DTE Energy Co
DUK US Equity,DUK,DUKE ENERGY CORP,Duke Energy Corp,DUKE ENERGY CORP,Duke Energy Corp
DVA US Equity,DVA,DAVITA INC,DaVita Inc,DAVITA INC,DaVita Inc
DVN US Equity,DVN,DEVON ENERGY CO,Devon Energy Corp,DEVON ENERGY CORP,Devon Energy Corp
DXC US Equity,DXC,DXC TECHNOLOGY C,DXC Technology Co,DXC TECHNOLOGY CO,DXC Technology Co
DXCM US Equity,DXCM,DEXCOM,Dexcom Inc,DEXCOM INC,Dexcom Inc
EA US Equity,EA,ELECTRONIC ARTS,Electronic Arts Inc,ELECTRONIC ARTS INC,Electronic Arts Inc
EBAY US Equity,EBAY,EBAY INC,eBay Inc,EBAY INC,eBay Inc
ECL US Equity,ECL,ECOLAB INC,Ecolab Inc,ECOLAB INC,Ecolab Inc
ED US Equity,ED,CONS EDISON INC,Consolidated Edison Inc,CONSOLIDATED EDISON INC,Consolidated Edison Inc
EFX US Equity,EFX,EQUIFAX INC,Equifax Inc,EQUIFAX INC,Equifax Inc
EG US Equity,EG,EVEREST GROUP LT,Everest Group Ltd,EVEREST GROUP LTD,Everest Group Ltd
EIX US Equity,EIX,EDISON INTL,Edison International,EDISON INTERNATIONAL,Edison International
EL US Equity,EL,ESTEE LAUDER,Estee Lauder Cos Inc/The,ESTEE LAUDER COMPANIES-CL A,Estee Lauder Cos Inc/The
ELV US Equity,ELV,ELEVANCE HEALTH,Elevance Health Inc,ELEVANCE HEALTH INC,Elevance Health Inc
EMBC US Equity,EMBC,EMBECTA CORP,Embecta Corp,EMBECTA CORP,Embecta Corp
EMN US Equity,EMN,EASTMAN CHEMICAL,Eastman Chemical Co,EASTMAN CHEMICAL CO,Eastman Chemical Co
EMR US Equity,EMR,EMERSON ELEC CO,Emerson Electric Co,EMERSON ELECTRIC CO,Emerson Electric Co
ENDPQ US Equity,ENDPQ,ENDO INTERNATION,Endo International PLC,ENDO INTERNATIONAL PLC,Endo International PLC
ENPH US Equity,ENPH,ENPHASE ENERGY,Enphase Energy Inc,ENPHASE ENERGY INC,Enphase Energy Inc
EOG US Equity,EOG,EOG RESOURCES,EOG Resources Inc,EOG RESOURCES INC,EOG Resources Inc
EPAM US Equity,EPAM,EPAM SYSTEMS INC,EPAM Systems Inc,EPAM SYSTEMS INC,EPAM Systems Inc
EQIX US Equity,EQIX,EQUINIX INC,Equinix Inc,EQUINIX INC,Equinix Inc
EQR US Equity,EQR,EQUITY RESIDENTI,Equity Residential,EQUITY RESIDENTIAL,Equity Residential
EQT US Equity,EQT,EQT CORP,EQT Corp,EQT CORP,EQT Corp
ERIE US Equity,ERIE,ERIE INDEMNITY-A,Erie Indemnity Co,ERIE INDEMNITY COMPANY-CL A,Erie Indemnity Co
ES US Equity,ES,EVERSOURCE ENERG,Eversource Energy,EVERSOURCE ENERGY,Eversource Energy
ESRX US Equity,ESRX,EVERNORTH HEALTH,Evernorth Health Inc,EVERNORTH HEALTH INC,Evernorth Health Inc
ESS US Equity,ESS,ESSEX PROPERTY,Essex Property Trust Inc,ESSEX PROPERTY TRUST INC,Essex Property Trust Inc
ETFC US Equity,ETFC,E*TRADE FINANCIA,E*TRADE Financial Corp,E*TRADE FINANCIAL CORP,E*TRADE Financial Corp
ETN US Equity,ETN,EATON CORP PLC,Eaton Corp PLC,EATON CORP PLC,Eaton Corp PLC
ETR US Equity,ETR,ENTERGY CORP,Entergy Corp,ENTERGY CORP,Entergy Corp
ETSY US Equity,ETSY,ETSY INC,Etsy Inc,ETSY INC,Etsy Inc
EVHC US Equity,EVHC,ENVISION HEALTHC,Envision Healthcare Corp,ENVISION HEALTHCARE CORP,Envision Healthcare Corp
EVRG US Equity,EVRG,EVERGY INC,Evergy Inc,EVERGY INC,Evergy Inc
EW US Equity,EW,EDWARDS LIFE,Edwards Lifesciences Corp,EDWARDS LIFESCIENCES CORP,Edwards Lifesciences Corp
EXC US Equity,EXC,EXELON CORP,Exelon Corp,EXELON CORP,Exelon Corp
EXE US Equity,EXE,EXPAND ENERGY CO,Expand Energy Corp,EXPAND ENERGY CORP,Expand Energy Corp
EXPD US Equity,EXPD,EXPEDITORS INTL,Expeditors International of Wa,EXPEDITORS INTL WASH INC,Expeditors International of Washington Inc
EXPE US Equity,EXPE,EXPEDIA GROUP IN,Expedia Group Inc,EXPEDIA GROUP INC,Expedia Group Inc
EXR US Equity,EXR,EXTRA SPACE STOR,Extra Space Storage Inc,EXTRA SPACE STORAGE INC,Extra Space Storage Inc
F US Equity,F,FORD MOTOR CO,Ford Motor Co,FORD MOTOR CO,Ford Motor Co
FANG US Equity,FANG,DIAMONDBACK ENER,Diamondback Energy Inc,DIAMONDBACK ENERGY INC,Diamondback Energy Inc
FAST US Equity,FAST,FASTENAL CO,Fastenal Co,FASTENAL CO,Fastenal Co
FBIN US Equity,FBIN,FORTUNE BRANDS I,Fortune Brands Innovations Inc,FORTUNE BRANDS INNOVATIONS I,Fortune Brands Innovations Inc
FCX US Equity,FCX,FREEPORT-MCMORAN,Freeport-McMoRan Inc,FREEPORT-MCMORAN INC,Freeport-McMoRan Inc
FDO US Equity,FDO,FAMILY DOLLAR ST,Family Dollar Stores LLC,FAMILY DOLLAR STORES LLC,Family Dollar Stores LLC
FDS US Equity,FDS,FACTSET RESEARCH,FactSet Research Systems Inc,FACTSET RESEARCH SYSTEMS INC,FactSet Research Systems Inc
FDX US Equity,FDX,FEDEX CORP,FedEx Corp,FEDEX CORP,FedEx Corp
FE US Equity,FE,FIRSTENERGY CORP,FirstEnergy Corp,FIRSTENERGY CORP,FirstEnergy Corp
FFIV US Equity,FFIV,F5 INC,F5 Inc,F5 INC,F5 Inc
FI US Equity,FI,FISERV INC,Fiserv Inc,FISERV INC,Fiserv Inc
FICO US Equity,FICO,FAIR ISAAC CORP,Fair Isaac Corp,FAIR ISAAC CORP,Fair Isaac Corp
FIS US Equity,FIS,FIDELITY NATIONA,Fidelity National Information,FIDELITY NATIONAL INFO SERV,Fidelity National Information Services Inc
FITB US Equity,FITB,FIFTH THIRD BANC,Fifth Third Bancorp,FIFTH THIRD BANCORP,Fifth Third Bancorp
FL US Equity,FL,FOOT LOCKER INC,Foot Locker Inc,FOOT LOCKER INC,Foot Locker Inc
FLIR US Equity,FLIR,FLIR SYSTEMS,FLIR Systems Inc,FLIR SYSTEMS INC,FLIR Systems Inc
FLR US Equity,FLR,FLUOR CORP,Fluor Corp,FLUOR CORP,Fluor Corp
FLS US Equity,FLS,FLOWSERVE CORP,Flowserve Corp,FLOWSERVE CORP,Flowserve Corp
FMC US Equity,FMC,FMC CORP,FMC Corp,FMC CORP,FMC Corp
FOSL US Equity,FOSL,FOSSIL GROUP INC,Fossil Group Inc,FOSSIL GROUP INC,Fossil Group Inc
FOX US Equity,FOX,FOX CORP - B,Fox Corp,FOX CORP - CLASS B,Fox Corp
FOXA US Equity,FOXA,FOX CORP - A,Fox Corp,FOX CORP - CLASS A,Fox Corp
FRCB US Equity,FRCB,FIRST REPUBLIC B,First Republic Bank/CA,FIRST REPUBLIC BANK/CA,First Republic Bank/CA
FRT US Equity,FRT,FED REALTY INVS,Federal Realty Investment Trus,FEDERAL REALTY INVS TRUST,Federal Realty Investment Trust
FSLR US Equity,FSLR,FIRST SOLAR INC,First Solar Inc,FIRST SOLAR INC,First Solar Inc
FTI US Equity,FTI,TECHNIPFMC PLC,TechnipFMC PLC,TECHNIPFMC PLC,TechnipFMC PLC
FTNT US Equity,FTNT,FORTINET INC,Fortinet Inc,FORTINET INC,Fortinet Inc
FTRCQ US Equity,FTRCQ,FRONTIER COMMUNI,Frontier Communications Corp,FRONTIER COMMUNICATIONS CORP,Frontier Communications Corp
FTV US Equity,FTV,FORTIVE CORP,Fortive Corp,FORTIVE CORP,Fortive Corp
GAP US Equity,GAP,GAP INC/THE,Gap Inc/The,GAP INC/THE,Gap Inc/The
GAS US Equity,GAS,SOUTHERN CO GAS,Southern Co Gas,SOUTHERN CO GAS,Southern Co Gas
GD US Equity,GD,GENERAL DYNAMICS,General Dynamics Corp,GENERAL DYNAMICS CORP,General Dynamics Corp
GDDY US Equity,GDDY,GODADDY INC-A,GoDaddy Inc,GODADDY INC - CLASS A,GoDaddy Inc
GE US Equity,GE,GENERAL ELECTRIC,General Electric Co,GENERAL ELECTRIC,General Electric Co
GEHC US Equity,GEHC,GE HEALTHCARE TE,GE HealthCare Technologies Inc,GE HEALTHCARE TECHNOLOGY,GE HealthCare Technologies Inc
GEN US Equity,GEN,GEN DIGITAL INC,Gen Digital Inc,GEN DIGITAL INC,Gen Digital Inc
GEV US Equity,GEV,GE VERNOVA INC,GE Vernova Inc,GE VERNOVA INC,GE Vernova Inc
GGP US Equity,GGP,GGP INC,Brookfield Properties Retail H,GGP INC,Brookfield Properties Retail Holding LLC
GILD US Equity,GILD,GILEAD SCIENCES,Gilead Sciences Inc,GILEAD SCIENCES INC,Gilead Sciences Inc
GIS US Equity,GIS,GENERAL MILLS IN,General Mills Inc,GENERAL MILLS INC,General Mills Inc
GL US Equity,GL,GLOBE LIFE INC,Globe Life Inc,GLOBE LIFE INC,Globe Life Inc
GLW US Equity,GLW,CORNING INC,Corning Inc,CORNING INC,Corning Inc
GM US Equity,GM,GENERAL MOTORS C,General Motors Co,GENERAL MOTORS CO,General Motors Co
GMCR US Equity,GMCR,KEURIG GREEN MOU,Keurig Green Mountain Inc,KEURIG GREEN MOUNTAIN INC,Keurig Green Mountain Inc
GME US Equity,GME,GAMESTOP CORP-A,GameStop Corp,GAMESTOP CORP-CLASS A,GameStop Corp
GNRC US Equity,GNRC,GENERAC HOLDINGS,Generac Holdings Inc,GENERAC HOLDINGS INC,Generac Holdings Inc
GNW US Equity,GNW,GENWORTH FINANCI,Genworth Financial Inc,GENWORTH FINANCIAL INC,Genworth Financial Inc
GOOG US Equity,GOOG,ALPHABET INC-C,Alphabet Inc,ALPHABET INC-CL C,Alphabet Inc
GOOGL US Equity,GOOGL,ALPHABET INC-A,Alphabet Inc,ALPHABET INC-CL A,Alphabet Inc
GPC US Equity,GPC,GENUINE PARTS CO,Genuine Parts Co,GENUINE PARTS CO,Genuine Parts Co
GPN US Equity,GPN,GLOBAL PAYMENTS,Global Payments Inc,GLOBAL PAYMENTS INC,Global Payments Inc
GRMN US Equity,GRMN,GARMIN LTD,Garmin Ltd,GARMIN LTD,Garmin Ltd
GS US Equity,GS,GOLDMAN SACHS GP,Goldman Sachs Group Inc/The,GOLDMAN SACHS GROUP INC,Goldman Sachs Group Inc/The
GT US Equity,GT,GOODYEAR TIRE,Goodyear Tire & Rubber Co/The,GOODYEAR TIRE & RUBBER CO,Goodyear Tire & Rubber Co/The
GWW US Equity,GWW,WW GRAINGER INC,WW Grainger Inc,WW GRAINGER INC,WW Grainger Inc
HAL US Equity,HAL,HALLIBURTON CO,Halliburton Co,HALLIBURTON CO,Halliburton Co
HAR US Equity,HAR,HARMAN INTL,Harman International Industrie,HARMAN INTERNATIONAL,Harman International Industries Inc
HAS US Equity,HAS,HASBRO INC,Hasbro Inc,HASBRO INC,Hasbro Inc
HBAN US Equity,HBAN,HUNTINGTON BANC,Huntington Bancshares Inc/OH,HUNTINGTON BANCSHARES INC,Huntington Bancshares Inc/OH
HBI US Equity,HBI,HANESBRANDS INC,Hanesbrands Inc,HANESBRANDS INC,Hanesbrands Inc
HCA US Equity,HCA,HCA HEALTHCARE I,HCA Healthcare Inc,HCA HEALTHCARE INC,HCA Healthcare Inc
HCBK US Equity,HCBK,HUDSON CITY BNCP,Hudson City Bancorp Inc,HUDSON CITY BANCORP INC,Hudson City Bancorp Inc
HD US Equity,HD,HOME DEPOT INC,Home Depot Inc/The,HOME DEPOT INC,Home Depot Inc/The
HES US Equity,HES,HESS CORP,Hess Corp,HESS CORP,Hess Corp
HFC US Equity,HFC,HOLLYFRONTIER CO,HollyFrontier Corp,HOLLYFRONTIER CORP,HollyFrontier Corp
HIG US Equity,HIG,HARTFORD INSURAN,Hartford Insurance Group Inc/T,HARTFORD INSURANCE GROUP INC,Hartford Insurance Group Inc/The
HII US Equity,HII,HUNTINGTON INGAL,Huntington Ingalls Industries,HUNTINGTON INGALLS INDUSTRIE,Huntington Ingalls Industries Inc
HLT US Equity,HLT,HILTON WORLDWIDE,Hilton Worldwide Holdings Inc,HILTON WORLDWIDE HOLDINGS IN,Hilton Worldwide Holdings Inc
HOG US Equity,HOG,HARLEY-DAVIDSON,Harley-Davidson Inc,HARLEY-DAVIDSON INC,Harley-Davidson Inc
HOLX US Equity,HOLX,HOLOGIC INC,Hologic Inc,HOLOGIC INC,Hologic Inc
HON US Equity,HON,HONEYWELL INTL,Honeywell International Inc,HONEYWELL INTERNATIONAL INC,Honeywell International Inc
HOT US Equity,HOT,STARWOOD HOTELS,Starwood Hotels & Resorts Worl,STARWOOD HOTELS & RESORTS WO,Starwood Hotels & Resorts Worldwide LLC
HP US Equity,HP,HELMERICH & PAYN,Helmerich & Payne Inc,HELMERICH & PAYNE,Helmerich & Payne Inc
HPE US Equity,HPE,HEWLETT PACKA,Hewlett Packard Enterprise Co,HEWLETT PACKARD ENTERPRISE,Hewlett Packard Enterprise Co
HPQ US Equity,HPQ,HP INC,HP Inc,HP INC,HP Inc
HRB US Equity,HRB,H&R BLOCK INC,H&R Block Inc,H&R BLOCK INC,H&R Block Inc
HRL US Equity,HRL,HORMEL FOODS CRP,Hormel Foods Corp,HORMEL FOODS CORP,Hormel Foods Corp
HSIC US Equity,HSIC,HENRY SCHEIN INC,Henry Schein Inc,HENRY SCHEIN INC,Henry Schein Inc
HSP US Equity,HSP,HOSPIRA INC,Hospira Inc,HOSPIRA INC,Hospira Inc
HST US Equity,HST,HOST HOTELS & RE,Host Hotels & Resorts Inc,HOST HOTELS & RESORTS INC,Host Hotels & Resorts Inc
HSY US Equity,HSY,HERSHEY CO/THE,Hershey Co/The,HERSHEY CO/THE,Hershey Co/The
HUBB US Equity,HUBB,HUBBELL INC,Hubbell Inc,HUBBELL INC,Hubbell Inc
HUM US Equity,HUM,HUMANA INC,Humana Inc,HUMANA INC,Humana Inc
HWM US Equity,HWM,HOWMET AEROSPACE,Howmet Aerospace Inc,HOWMET AEROSPACE INC,Howmet Aerospace Inc
IBM US Equity,IBM,IBM,International Business Machine,INTL BUSINESS MACHINES CORP,International Business Machines Corp
ICE US Equity,ICE,INTERCONT EXCH I,Intercontinental Exchange Inc,INTERCONTINENTAL EXCHANGE IN,Intercontinental Exchange Inc
IDXX US Equity,IDXX,IDEXX LABS,IDEXX Laboratories Inc,IDEXX LABORATORIES INC,IDEXX Laboratories Inc
IEX US Equity,IEX,IDEX CORP,IDEX Corp,IDEX CORP,IDEX Corp
IFF US Equity,IFF,INTL FLVR & FRAG,International Flavors & Fragra,INTL FLAVORS & FRAGRANCES,International Flavors & Fragrances Inc
IILGV US Equity,IILGV,INTERVAL LEI-W/I,ILG LLC,INTERVAL LEISURE GROUP - W/I,ILG LLC
ILMN US Equity,ILMN,ILLUMINA INC,Illumina Inc,ILLUMINA INC,Illumina Inc
INCY US Equity,INCY,INCYTE CORP,Incyte Corp,INCYTE CORP,Incyte Corp
INTC US Equity,INTC,INTEL CORP,Intel Corp,INTEL CORP,Intel Corp
INTU US Equity,INTU,INTUIT INC,Intuit Inc,INTUIT INC,Intuit Inc
INVH US Equity,INVH,INVITATION HOMES,Invitation Homes Inc,INVITATION HOMES INC,Invitation Homes Inc
IP US Equity,IP,INTL PAPER CO,International Paper Co,INTERNATIONAL PAPER CO,International Paper Co
IPG US Equity,IPG,INTERPUBLIC GRP,Interpublic Group of Cos Inc/T,INTERPUBLIC GROUP OF COS INC,Interpublic Group of Cos Inc/The
IPGP US Equity,IPGP,IPG PHOTONICS,IPG Photonics Corp,IPG PHOTONICS CORP,IPG Photonics Corp
IQV US Equity,IQV,IQVIA HOLDINGS I,IQVIA Holdings Inc,IQVIA HOLDINGS INC,IQVIA Holdings Inc
IR US Equity,IR,INGERSOLL-RAND I,Ingersoll Rand Inc,INGERSOLL-RAND INC,Ingersoll Rand Inc
IRM US Equity,IRM,IRON MOUNTAIN,Iron Mountain Inc,IRON MOUNTAIN INC,Iron Mountain Inc
ISRG US Equity,ISRG,INTUITIVE SURGIC,Intuitive Surgical Inc,INTUITIVE SURGICAL INC,Intuitive Surgical Inc
IT US Equity,IT,GARTNER INC,Gartner Inc,GARTNER INC,Gartner Inc
ITW US Equity,ITW,ILLINOIS TOOL WO,Illinois Tool Works Inc,ILLINOIS TOOL WORKS,Illinois Tool Works Inc
IVZ US Equity,IVZ,INVESCO LTD,Invesco Ltd,INVESCO LTD,Invesco Ltd
J US Equity,J,JACOBS SOLUTIONS,Jacobs Solutions Inc,JACOBS SOLUTIONS INC,Jacobs Solutions Inc
JBHT US Equity,JBHT,HUNT (JB) TRANS,JB Hunt Transport Services Inc,HUNT (JB) TRANSPRT SVCS INC,JB Hunt Transport Services Inc
JBL US Equity,JBL,JABIL INC,Jabil Inc,JABIL INC,Jabil Inc
JCI US Equity,JCI,JOHNSON CONTROLS,Johnson Controls International,JOHNSON CONTROLS INTERNATION,Johnson Controls International plc
JEF US Equity,JEF,JEFFERIES FINANC,Jefferies Financial Group Inc,JEFFERIES FINANCIAL GROUP IN,Jefferies Financial Group Inc
JKHY US Equity,JKHY,JACK HENRY,Jack Henry & Associates Inc,JACK HENRY & ASSOCIATES INC,Jack Henry & Associates Inc
JNJ US Equity,JNJ,JOHNSON&JOHNSON,Johnson & Johnson,JOHNSON & JOHNSON,Johnson & Johnson
JNPR US Equity,JNPR,JUNIPER NETWORKS,Juniper Networks Inc,JUNIPER NETWORKS INC,Juniper Networks Inc
JOY US Equity,JOY,KOMATSU MINING C,Komatsu Mining Corp,KOMATSU MINING CORP,Komatsu Mining Corp
JPM US Equity,JPM,JPMORGAN CHASE,JPMorgan Chase & Co,JPMORGAN CHASE & CO,JPMorgan Chase & Co
JWN US Equity,JWN,NORDSTROM INC,Nordstrom Inc,NORDSTROM INC,Nordstrom Inc
K US Equity,K,KELLANOVA,Kellanova,KELLANOVA,Kellanova
KDP US Equity,KDP,KEURIG DR PEPPER,Keurig Dr Pepper Inc,KEURIG DR PEPPER INC,Keurig Dr Pepper Inc
KEY US Equity,KEY,KEYCORP,KeyCorp,KEYCORP,KeyCorp
KEYS US Equity,KEYS,KEYSIGHT TEC,Keysight Technologies Inc,KEYSIGHT TECHNOLOGIES IN,Keysight Technologies Inc
KHC US Equity,KHC,KRAFT HEINZ CO/T,Kraft Heinz Co/The,KRAFT HEINZ CO/THE,Kraft Heinz Co/The
KIM US Equity,KIM,KIMCO REALTY,Kimco Realty Corp,KIMCO REALTY CORP,Kimco Realty Corp
KKR US Equity,KKR,KKR & CO INC,KKR & Co Inc,KKR & CO INC,KKR & Co Inc
KLAC US Equity,KLAC,KLA CORP,KLA Corp,KLA CORP,KLA Corp
KMB US Equity,KMB,KIMBERLY-CLARK,Kimberly-Clark Corp,KIMBERLY-CLARK CORP,Kimberly-Clark Corp
KMI US Equity,KMI,KINDER MORGAN IN,Kinder Morgan Inc,KINDER MORGAN INC,Kinder Morgan Inc
KMX US Equity,KMX,CARMAX INC,CarMax Inc,CARMAX INC,CarMax Inc
KO US Equity,KO,COCA-COLA CO/THE,Coca-Cola Co/The,COCA-COLA CO/THE,Coca-Cola Co/The
KR US Equity,KR,KROGER CO,Kroger Co/The,KROGER CO,Kroger Co/The
KRFT US Equity,KRFT,KRAFT FOODS GROU,Kraft Foods Group Inc,KRAFT FOODS GROUP INC,Kraft Foods Group Inc
KSS US Equity,KSS,KOHLS CORP,Kohl's Corp,KOHLS CORP,Kohl's Corp
KSU US Equity,KSU,KANSAS CITY SOUT,Kansas City Southern/Old,KANSAS CITY SOUTHERN,Kansas City Southern/Old
KVUE US Equity,KVUE,KENVUE INC,Kenvue Inc,KENVUE INC,Kenvue Inc
L US Equity,L,LOEWS CORP,Loews Corp,LOEWS CORP,Loews Corp
LDOS US Equity,LDOS,LEIDOS HOLDINGS,Leidos Holdings Inc,LEIDOS HOLDINGS INC,Leidos Holdings Inc
LEG US Equity,LEG,LEGGETT & PLATT,Leggett & Platt Inc,LEGGETT & PLATT INC,Leggett & Platt Inc
LEN US Equity,LEN,LENNAR CORP-A,Lennar Corp,LENNAR CORP-A,Lennar Corp
LEN/B US Equity,LEN/B,LENNAR CORP-B,Lennar Corp,LENNAR CORP - B SHS,Lennar Corp
LH US Equity,LH,LABCORP HOLDINGS,Labcorp Holdings Inc,LABCORP HOLDINGS INC,Labcorp Holdings Inc
LHX US Equity,LHX,L3HARRIS TECHNOL,L3Harris Technologies Inc,L3HARRIS TECHNOLOGIES INC,L3Harris Technologies Inc
LII US Equity,LII,LENNOX INTL INC,Lennox International Inc,LENNOX INTERNATIONAL INC,Lennox International Inc
LIN US Equity,LIN,LINDE PLC,Linde PLC,LINDE PLC,Linde PLC
LKQ US Equity,LKQ,LKQ CORP,LKQ Corp,LKQ CORP,LKQ Corp
LLTC US Equity,LLTC,LINEAR TECH CORP,Linear Technology Corp,LINEAR TECHNOLOGY CORP,Linear Technology Corp
LLY US Equity,LLY,ELI LILLY & CO,Eli Lilly & Co,ELI LILLY & CO,Eli Lilly & Co
LM US Equity,LM,LEGG MASON INC,Legg Mason Inc,LEGG MASON INC,Legg Mason Inc
LMT US Equity,LMT,LOCKHEED MARTIN,Lockheed Martin Corp,LOCKHEED MARTIN CORP,Lockheed Martin Corp
LNC US Equity,LNC,LINCOLN NATL CRP,Lincoln National Corp,LINCOLN NATIONAL CORP,Lincoln National Corp
LNT US Equity,LNT,ALLIANT ENERGY,Alliant Energy Corp,ALLIANT ENERGY CORP,Alliant Energy Corp
LO US Equity,LO,LORILLARD INC,Lorillard LLC,LORILLARD INC,Lorillard LLC
LOW US Equity,LOW,LOWE'S COS INC,Lowe's Cos Inc,LOWE'S COS INC,Lowe's Cos Inc
LRCX US Equity,LRCX,LAM RESEARCH,Lam Research Corp,LAM RESEARCH CORP,Lam Research Corp
LULU US Equity,LULU,LULULEMON ATH,Lululemon Athletica Inc,LULULEMON ATHLETICA INC,Lululemon Athletica Inc
LUMN US Equity,LUMN,LUMEN TECHNOLOGI,Lumen Technologies Inc,LUMEN TECHNOLOGIES INC,Lumen Technologies Inc
LUV US Equity,LUV,SOUTHWEST AIR,Southwest Airlines Co,SOUTHWEST AIRLINES CO,Southwest Airlines Co
LVLT US Equity,LVLT,LEVEL 3 COMM INC,Level 3 Communications Inc,LEVEL 3 COMMUNICATIONS INC,Level 3 Communications Inc
LVS US Equity,LVS,LAS VEGAS SANDS,Las Vegas Sands Corp,LAS VEGAS SANDS CORP,Las Vegas Sands Corp
LW US Equity,LW,LAMB WESTON,Lamb Weston Holdings Inc,LAMB WESTON HOLDINGS INC,Lamb Weston Holdings Inc
LYB US Equity,LYB,LYONDELLBASELL-A,LyondellBasell Industries NV,LYONDELLBASELL INDU-CL A,LyondellBasell Industries NV
LYV US Equity,LYV,LIVE NATION ENTE,Live Nation Entertainment Inc,LIVE NATION ENTERTAINMENT IN,Live Nation Entertainment Inc
M US Equity,M,MACY'S INC,Macy's Inc,MACY'S INC,Macy's Inc
MA US Equity,MA,MASTERCARD INC-A,Mastercard Inc,MASTERCARD INC - A,Mastercard Inc
MAA US Equity,MAA,MID-AMERICA APAR,Mid-America Apartment Communit,MID-AMERICA APARTMENT COMM,Mid-America Apartment Communities Inc
MAC US Equity,MAC,MACERICH CO,Macerich Co/The,MACERICH CO/THE,Macerich Co/The
MAR US Equity,MAR,MARRIOTT INTL-A,Marriott International Inc/MD,MARRIOTT INTERNATIONAL -CL A,Marriott International Inc/MD
MAS US Equity,MAS,MASCO CORP,Masco Corp,MASCO CORP,Masco Corp
MAT US Equity,MAT,MATTEL INC,Mattel Inc,MATTEL INC,Mattel Inc
MBC US Equity,MBC,MASTERBRAND,Masterbrand Inc,MASTERBRAND INC,Masterbrand Inc
MCD US Equity,MCD,MCDONALDS CORP,McDonald's Corp,MCDONALD'S CORP,McDonald's Corp
MCHP US Equity,MCHP,MICROCHIP TECH,Microchip Technology Inc,MICROCHIP TECHNOLOGY INC,Microchip Technology Inc
MCK US Equity,MCK,MCKESSON CORP,McKesson Corp,MCKESSON CORP,McKesson Corp
MCO US Equity,MCO,MOODY'S CORP,Moody's Corp,MOODY'S CORP,Moody's Corp
MDLZ US Equity,MDLZ,MONDELEZ INTER-A,Mondelez International Inc,MONDELEZ INTERNATIONAL INC-A,Mondelez International Inc
MDT US Equity,MDT,MEDTRONIC PLC,Medtronic PLC,MEDTRONIC PLC,Medtronic PLC
MET US Equity,MET,METLIFE INC,MetLife Inc,METLIFE INC,MetLife Inc
META US Equity,META,META PLATFORMS-A,Meta Platforms Inc,META PLATFORMS INC-CLASS A,Meta Platforms Inc
MGM US Equity,MGM,MGM RESORTS INTE,MGM Resorts International,MGM RESORTS INTERNATIONAL,MGM Resorts International
MHK US Equity,MHK,MOHAWK INDS,Mohawk Industries Inc,MOHAWK INDUSTRIES INC,Mohawk Industries Inc
MJN US Equity,MJN,MEAD JOHNSON,Mead Johnson Nutrition Co,MEAD JOHNSON NUTRITION CO,Mead Johnson Nutrition Co
MKC US Equity,MKC,MCCORMICK-N/V,McCormick & Co Inc/MD,MCCORMICK & CO-NON VTG SHRS,McCormick & Co Inc/MD
MKTX US Equity,MKTX,MARKETAXESS,MarketAxess Holdings Inc,MARKETAXESS HOLDINGS INC,MarketAxess Holdings Inc
MLM US Equity,MLM,MARTIN MAR MTLS,Martin Marietta Materials Inc,MARTIN MARIETTA MATERIALS,Martin Marietta Materials Inc
MMC US Equity,MMC,MARSH & MCLENNAN,Marsh & McLennan Cos Inc,MARSH & MCLENNAN COS,Marsh & McLennan Cos Inc
MMM US Equity,MMM,3M CO,3M Co,3M CO,3M Co
MNKKQ US Equity,MNKKQ,MALLINCKRODT PLC,Mallinckrodt PLC,MALLINCKRODT PLC,Mallinckrodt PLC
MNST US Equity,MNST,MONSTER BEVERAGE,Monster Beverage Corp,MONSTER BEVERAGE CORP,Monster Beverage Corp
MO US Equity,MO,ALTRIA GROUP INC,Altria Group Inc,ALTRIA GROUP INC,Altria Group Inc
MOH US Equity,MOH,MOLINA HEALTHCAR,Molina Healthcare Inc,MOLINA HEALTHCARE INC,Molina Healthcare Inc
MOS US Equity,MOS,MOSAIC CO/THE,Mosaic Co/The,MOSAIC CO/THE,Mosaic Co/The
MPC US Equity,MPC,MARATHON PETROLE,Marathon Petroleum Corp,MARATHON PETROLEUM CORP,Marathon Petroleum Corp
MPWR US Equity,MPWR,MONOLITHIC POWER,Monolithic Power Systems Inc,MONOLITHIC POWER SYSTEMS INC,Monolithic Power Systems Inc
MRK US Equity,MRK,MERCK & CO,Merck & Co Inc,MERCK & CO. INC.,Merck & Co Inc
MRNA US Equity,MRNA,MODERNA INC,Moderna Inc,MODERNA INC,Moderna Inc
MRO US Equity,MRO,MARATHON OIL,Marathon Oil Corp,MARATHON OIL CORP,Marathon Oil Corp
MRP US Equity,MRP,MILLROSE PROPERT,Millrose Properties Inc,MILLROSE PROPERTIES,Millrose Properties Inc
MS US Equity,MS,MORGAN STANLEY,Morgan Stanley,MORGAN STANLEY,Morgan Stanley
MSCI US Equity,MSCI,MSCI INC,MSCI Inc,MSCI INC,MSCI Inc
MSFT US Equity,MSFT,MICROSOFT CORP,Microsoft Corp,MICROSOFT CORP,Microsoft Corp
MSI US Equity,MSI,MOTOROLA SOLUTIO,Motorola Solutions Inc,MOTOROLA SOLUTIONS INC,Motorola Solutions Inc
MTB US Equity,MTB,M&T BANK CORP,M&T Bank Corp,M & T BANK CORP,M&T Bank Corp
MTCH US Equity,MTCH,MATCH GROUP INC,Match Group Inc,MATCH GROUP INC,Match Group Inc
MTD US Equity,MTD,METTLER-TOLEDO,Mettler-Toledo International I,METTLER-TOLEDO INTERNATIONAL,Mettler-Toledo International Inc
MU US Equity,MU,MICRON TECH,Micron Technology Inc,MICRON TECHNOLOGY INC,Micron Technology Inc
MUR US Equity,MUR,MURPHY OIL CORP,Murphy Oil Corp,MURPHY OIL CORP,Murphy Oil Corp
MWV US Equity,MWV,WESTROCK MWV LLC,WestRock MWV LLC,WESTROCK MWV LLC,WestRock MWV LLC
MXIM US Equity,MXIM,MAXIM INTEGRATED,Maxim Integrated Products Inc,MAXIM INTEGRATED PRODUCTS,Maxim Integrated Products Inc
MYL US Equity,MYL,MYLAN NV,Mylan NV,MYLAN NV,Mylan NV
NAVI US Equity,NAVI,NAVIENT CORP,Navient Corp,NAVIENT CORP,Navient Corp
NBL US Equity,NBL,NOBLE ENERGY INC,Noble Energy Inc,NOBLE ENERGY INC,Noble Energy Inc
NBR US Equity,NBR,NABORS INDS LTD,Nabors Industries Ltd,NABORS INDUSTRIES LTD,Nabors Industries Ltd
NCLH US Equity,NCLH,NORWEGIAN CRUISE,Norwegian Cruise Line Holdings,NORWEGIAN CRUISE LINE HOLDIN,Norwegian Cruise Line Holdings Ltd
NDAQ US Equity,NDAQ,NASDAQ INC,Nasdaq Inc,NASDAQ INC,Nasdaq Inc
NDSN US Equity,NDSN,NORDSON CORP,Nordson Corp,NORDSON CORP,Nordson Corp
NEBLQ US Equity,NEBLQ,NOBLE HOLDING CO,Noble Holding Corp PLC,NOBLE HOLDING CORP PLC,Noble Holding Corp PLC
NEE US Equity,NEE,NEXTERA ENERGY,NextEra Energy Inc,NEXTERA ENERGY INC,NextEra Energy Inc
NEM US Equity,NEM,NEWMONT CORP,Newmont Corp,NEWMONT CORP,Newmont Corp
NFLX US Equity,NFLX,NETFLIX INC,Netflix Inc,NETFLIX INC,Netflix Inc
NFX US Equity,NFX,OVINTIV EXPLORAT,Ovintiv Exploration Inc,OVINTIV EXPLORATION INC,Ovintiv Exploration Inc
NI US Equity,NI,NISOURCE INC,NiSource Inc,NISOURCE INC,NiSource Inc
NKE US Equity,NKE,NIKE INC -CL B,NIKE Inc,NIKE INC -CL B,NIKE Inc
NKTR US Equity,NKTR,NEKTAR THERAPEUT,Nektar Therapeutics,NEKTAR THERAPEUTICS,Nektar Therapeutics
NLSN US Equity,NLSN,NIELSEN HOLDINGS,Nielsen Holdings Ltd,NIELSEN HOLDINGS LTD,Nielsen Holdings Ltd
NOC US Equity,NOC,NORTHROP GRUMMAN,Northrop Grumman Corp,NORTHROP GRUMMAN CORP,Northrop Grumman Corp
NOV US Equity,NOV,NOV INC,NOV Inc,NOV INC,NOV Inc
NOW US Equity,NOW,SERVICENOW INC,ServiceNow Inc,SERVICENOW INC,ServiceNow Inc
NRG US Equity,NRG,NRG ENERGY,NRG Energy Inc,NRG ENERGY INC,NRG Energy Inc
NSC US Equity,NSC,NORFOLK SOUTHERN,Norfolk Southern Corp,NORFOLK SOUTHERN CORP,Norfolk Southern Corp
NTAP US Equity,NTAP,NETAPP INC,NetApp Inc,NETAPP INC,NetApp Inc
NTRS US Equity,NTRS,NORTHERN TRUST,Northern Trust Corp,NORTHERN TRUST CORP,Northern Trust Corp
NUE US Equity,NUE,NUCOR CORP,Nucor Corp,NUCOR CORP,Nucor Corp
NVDA US Equity,NVDA,NVIDIA CORP,NVIDIA Corp,NVIDIA CORP,NVIDIA Corp
NVR US Equity,NVR,NVR INC,NVR Inc,NVR INC,NVR Inc
NWL US Equity,NWL,NEWELL BRANDS IN,Newell Brands Inc,NEWELL BRANDS INC,Newell Brands Inc
NWS US Equity,NWS,NEWS CORP-CL B,News Corp,NEWS CORP - CLASS B,News Corp
NWSA US Equity,NWSA,NEWS CORP-CL A,News Corp,NEWS CORP - CLASS A,News Corp
NXPI US Equity,NXPI,NXP SEMICONDUCTO,NXP Semiconductors NV,NXP SEMICONDUCTORS NV,NXP Semiconductors NV
O US Equity,O,REALTY INCOME,Realty Income Corp,REALTY INCOME CORP,Realty Income Corp
ODFL US Equity,ODFL,OLD DOMINION FRT,Old Dominion Freight Line Inc,OLD DOMINION FREIGHT LINE,Old Dominion Freight Line Inc
OGN US Equity,OGN,ORGANON & CO,Organon & Co,ORGANON & CO,Organon & Co
OI US Equity,OI,O-I GLASS INC,O-I Glass Inc,O-I GLASS INC,O-I Glass Inc
OKE US Equity,OKE,ONEOK INC,ONEOK Inc,ONEOK INC,ONEOK Inc
OMC US Equity,OMC,OMNICOM GROUP,Omnicom Group Inc,OMNICOM GROUP,Omnicom Group Inc
ON US Equity,ON,ON SEMICONDUCTOR,ON Semiconductor Corp,ON SEMICONDUCTOR,ON Semiconductor Corp
ORCL US Equity,ORCL,ORACLE CORP,Oracle Corp,ORACLE CORP,Oracle Corp
ORLY US Equity,ORLY,O'REILLY AUTOMOT,O'Reilly Automotive Inc,O'REILLY AUTOMOTIVE INC,O'Reilly Automotive Inc
OTIS US Equity,OTIS,OTIS WORLDWI,Otis Worldwide Corp,OTIS WORLDWIDE CORP,Otis Worldwide Corp
OXY US Equity,OXY,OCCIDENTAL PETE,Occidental Petroleum Corp,OCCIDENTAL PETROLEUM CORP,Occidental Petroleum Corp
PANW US Equity,PANW,PALO ALTO NETWOR,Palo Alto Networks Inc,PALO ALTO NETWORKS INC,Palo Alto Networks Inc
PARA US Equity,PARA,PARAMOUNT GLOB-B,Paramount Global,PARAMOUNT GLOBAL-CLASS B,Paramount Global
PAYC US Equity,PAYC,PAYCOM SOFTWARE,Paycom Software Inc,PAYCOM SOFTWARE INC,Paycom Software Inc
PAYX US Equity,PAYX,PAYCHEX INC,Paychex Inc,PAYCHEX INC,Paychex Inc
PBCT US Equity,PBCT,PEOPLE'S UNITED,People's United Financial Inc,PEOPLE'S UNITED FINANCIAL,People's United Financial Inc
PBI US Equity,PBI,PITNEY BOWES INC,Pitney Bowes Inc,PITNEY BOWES INC,Pitney Bowes Inc
PCAR US Equity,PCAR,PACCAR INC,PACCAR Inc,PACCAR INC,PACCAR Inc
PCG US Equity,PCG,PG&E CORP,PG&E Corp,P G & E CORP,PG&E Corp
PCP US Equity,PCP,PRECISION CASTPT,Precision Castparts Corp,PRECISION CASTPARTS CORP,Precision Castparts Corp
PDCO US Equity,PDCO,PATTERSON COS,Patterson Cos Inc,PATTERSON COS INC,Patterson Cos Inc
PEG US Equity,PEG,PUB SERV ENTERP,Public Service Enterprise Grou,PUBLIC SERVICE ENTERPRISE GP,Public Service Enterprise Group Inc
PENN US Equity,PENN,PENN ENTERTAINME,Penn Entertainment Inc,PENN ENTERTAINMENT INC,Penn Entertainment Inc
PEP US Equity,PEP,PEPSICO INC,PepsiCo Inc,PEPSICO INC,PepsiCo Inc
PETM US Equity,PETM,PETSMART LLC,PetSmart LLC,PETSMART LLC,PetSmart LLC
PFE US Equity,PFE,PFIZER INC,Pfizer Inc,PFIZER INC,Pfizer Inc
PFG US Equity,PFG,PRINCIPAL FINL,Principal Financial Group Inc,PRINCIPAL FINANCIAL GROUP,Principal Financial Group Inc
PG US Equity,PG,PROCTER & GAMBLE,Procter & Gamble Co/The,PROCTER & GAMBLE CO/THE,Procter & Gamble Co/The
PGR US Equity,PGR,PROGRESSIVE CORP,Progressive Corp/The,PROGRESSIVE CORP,Progressive Corp/The
PH US Equity,PH,PARKER HANNIFIN,Parker-Hannifin Corp,PARKER HANNIFIN CORP,Parker-Hannifin Corp
PHM US Equity,PHM,PULTEGROUP INC,PulteGroup Inc,PULTEGROUP INC,PulteGroup Inc
PKG US Equity,PKG,PACKAGING CORP,Packaging Corp of America,PACKAGING CORP OF AMERICA,Packaging Corp of America
PLD US Equity,PLD,PROLOGIS INC,Prologis Inc,PROLOGIS INC,Prologis Inc
PLTR US Equity,PLTR,PALANTIR TECHN-A,Palantir Technologies Inc,PALANTIR TECHNOLOGIES INC-A,Palantir Technologies Inc
PM US Equity,PM,PHILIP MORRIS IN,Philip Morris International In,PHILIP MORRIS INTERNATIONAL,Philip Morris International Inc
PNC US Equity,PNC,PNC FINANCIAL SE,PNC Financial Services Group I,PNC FINANCIAL SERVICES GROUP,PNC Financial Services Group Inc/The
PNR US Equity,PNR,PENTAIR PLC,Pentair PLC,PENTAIR PLC,Pentair PLC
PNW US Equity,PNW,PINNACLE WEST,Pinnacle West Capital Corp,PINNACLE WEST CAPITAL,Pinnacle West Capital Corp
PODD US Equity,PODD,INSULET CORP,Insulet Corp,INSULET CORP,Insulet Corp
POOL US Equity,POOL,POOL CORP,Pool Corp,POOL CORP,Pool Corp
PPG US Equity,PPG,PPG INDS INC,PPG Industries Inc,PPG INDUSTRIES INC,PPG Industries Inc
PPL US Equity,PPL,PPL CORP,PPL Corp,PPL CORP,PPL Corp
PRGO US Equity,PRGO,PERRIGO CO PLC,Perrigo Co PLC,PERRIGO CO PLC,Perrigo Co PLC
PRSP US Equity,PRSP,PERSPECTA INC,Perspecta Inc,PERSPECTA INC,Perspecta Inc
PRU US Equity,PRU,PRUDENTL FINL,Prudential Financial Inc,PRUDENTIAL FINANCIAL INC,Prudential Financial Inc
PSA US Equity,PSA,PUBLIC STORAGE,Public Storage,PUBLIC STORAGE,Public Storage
PSX US Equity,PSX,PHILLIPS 66,Phillips 66,PHILLIPS 66,Phillips 66
PTC US Equity,PTC,PTC INC,PTC Inc,PTC INC,PTC Inc
PVH US Equity,PVH,PVH CORP,PVH Corp,PVH CORP,PVH Corp
PWR US Equity,PWR,QUANTA SERVICES,Quanta Services Inc,QUANTA SERVICES INC,Quanta Services Inc
PXD US Equity,PXD,PIONEER NATURAL,Pioneer Natural Resources Co,PIONEER NATURAL RESOURCES CO,Pioneer Natural Resources Co
PYPL US Equity,PYPL,PAYPAL HOLDINGS,PayPal Holdings Inc,PAYPAL HOLDINGS INC,PayPal Holdings Inc
QCOM US Equity,QCOM,QUALCOMM INC,QUALCOMM Inc,QUALCOMM INC,QUALCOMM Inc
QEP US Equity,QEP,QEP RESOURCES IN,QEP Resources Inc,QEP RESOURCES INC,QEP Resources Inc
QRVO US Equity,QRVO,QORVO INC,Qorvo Inc,QORVO INC,Qorvo Inc
R US Equity,R,RYDER SYSTEM INC,Ryder System Inc,RYDER SYSTEM INC,Ryder System Inc
RAI US Equity,RAI,REYNOLDS AMERICA,Reynolds American Inc,REYNOLDS AMERICAN INC,Reynolds American Inc
RCL US Equity,RCL,ROYAL CARIBBEAN,Royal Caribbean Cruises Ltd,ROYAL CARIBBEAN CRUISES LTD,Royal Caribbean Cruises Ltd
REG US Equity,REG,REGENCY CENTERS,Regency Centers Corp,REGENCY CENTERS CORP,Regency Centers Corp
REGN US Equity,REGN,REGENERON PHARM,Regeneron Pharmaceuticals Inc,REGENERON PHARMACEUTICALS,Regeneron Pharmaceuticals Inc
RF US Equity,RF,REGIONS FINANCIA,Regions Financial Corp,REGIONS FINANCIAL CORP,Regions Financial Corp
RHI US Equity,RHI,ROBERT HALF INC,Robert Half Inc,ROBERT HALF INC,Robert Half Inc
RHT US Equity,RHT,RED HAT INC,Red Hat Inc,RED HAT INC,Red Hat Inc
RIG US Equity,RIG,TRANSOCEAN LTD,Transocean Ltd,TRANSOCEAN LTD,Transocean Ltd
RJF US Equity,RJF,RAYMOND JAMES,Raymond James Financial Inc,RAYMOND JAMES FINANCIAL INC,Raymond James Financial Inc
RL US Equity,RL,RALPH LAUREN COR,Ralph Lauren Corp,RALPH LAUREN CORP,Ralph Lauren Corp
RMD US Equity,RMD,RESMED INC,ResMed Inc,RESMED INC,ResMed Inc
ROK US Equity,ROK,ROCKWELL AUTOMAT,Rockwell Automation Inc,ROCKWELL AUTOMATION INC,Rockwell Automation Inc
ROL US Equity,ROL,ROLLINS INC,Rollins Inc,ROLLINS INC,Rollins Inc
ROP US Equity,ROP,ROPER TECHNOLOGI,Roper Technologies Inc,ROPER TECHNOLOGIES INC,Roper Technologies Inc
ROST US Equity,ROST,ROSS STORES INC,Ross Stores Inc,ROSS STORES INC,Ross Stores Inc
RRC US Equity,RRC,RANGE RESOURCES,Range Resources Corp,RANGE RESOURCES CORP,Range Resources Corp
RSG US Equity,RSG,REPUBLIC SVCS,Republic Services Inc,REPUBLIC SERVICES INC,Republic Services Inc
RTN US Equity,RTN,RAYTHEON CO,Raytheon Co,RAYTHEON COMPANY,Raytheon Co
RTX US Equity,RTX,RTX CORP,RTX Corp,RTX CORP,RTX Corp
RVTY US Equity,RVTY,REVVITY INC,Revvity Inc,REVVITY INC,Revvity Inc
SBAC US Equity,SBAC,SBA COMM CORP,SBA Communications Corp,SBA COMMUNICATIONS CORP,SBA Communications Corp
SBNY US Equity,SBNY,SIGNATURE BANK,Signature Bank/New York NY,SIGNATURE BANK,Signature Bank/New York NY
SBUX US Equity,SBUX,STARBUCKS CORP,Starbucks Corp,STARBUCKS CORP,Starbucks Corp
SCG US Equity,SCG,SCANA CORP,SCANA Corp,SCANA CORP,SCANA Corp
SCHW US Equity,SCHW,SCHWAB (CHARLES),Charles Schwab Corp/The,SCHWAB (CHARLES) CORP,Charles Schwab Corp/The
SEDG US Equity,SEDG,SOLAREDGE TECHNO,SolarEdge Technologies Inc,SOLAREDGE TECHNOLOGIES INC,SolarEdge Technologies Inc
SEE US Equity,SEE,SEALED AIR CORP,Sealed Air Corp,SEALED AIR CORP,Sealed Air Corp
SHW US Equity,SHW,SHERWIN-WILLIAMS,Sherwin-Williams Co/The,SHERWIN-WILLIAMS CO/THE,Sherwin-Williams Co/The
SIAL US Equity,SIAL,SIGMA-ALDRICH,Sigma-Aldrich Corp,SIGMA-ALDRICH,Sigma-Aldrich Corp
SIG US Equity,SIG,SIGNET JEWELERS,Signet Jewelers Ltd,SIGNET JEWELERS LTD,Signet Jewelers Ltd
SIVBQ US Equity,SIVBQ,SVB FINANCIAL GR,SVB Financial Group,SVB FINANCIAL GROUP,SVB Financial Group
SJM US Equity,SJM,JM SMUCKER CO,J M Smucker Co/The,JM SMUCKER CO/THE,J M Smucker Co/The
SLB US Equity,SLB,SCHLUMBERGER LTD,Schlumberger NV,SCHLUMBERGER LTD,Schlumberger NV
SLG US Equity,SLG,SL GREEN REALTY,SL Green Realty Corp,SL GREEN REALTY CORP,SL Green Realty Corp
SLVM US Equity,SLVM,SYLVAMO CORP,Sylvamo Corp,SYLVAMO CORP,Sylvamo Corp
SMCI US Equity,SMCI,SUPER MICRO COMP,Super Micro Computer Inc,SUPER MICRO COMPUTER INC,Super Micro Computer Inc
SNA US Equity,SNA,SNAP-ON INC,Snap-on Inc,SNAP-ON INC,Snap-on Inc
SNPS US Equity,SNPS,SYNOPSYS INC,Synopsys Inc,SYNOPSYS INC,Synopsys Inc
SO US Equity,SO,SOUTHERN CO,Southern Co/The,SOUTHERN CO/THE,Southern Co/The
SOLV US Equity,SOLV,SOLVENTUM,Solventum Corp,SOLVENTUM CORP,Solventum Corp
SPG US Equity,SPG,SIMON PROPERTY,Simon Property Group Inc,SIMON PROPERTY GROUP INC,Simon Property Group Inc
SPGI US Equity,SPGI,S&P GLOBAL INC,S&P Global Inc,S&P GLOBAL INC,S&P Global Inc
SPLS US Equity,SPLS,STAPLES INC,Staples Inc,STAPLES INC,Staples Inc
SRCL US Equity,SRCL,STERICYCLE INC,Stericycle Inc,STERICYCLE INC,Stericycle Inc
SRE US Equity,SRE,SEMPRA,Sempra,SEMPRA,Sempra
STE US Equity,STE,STERIS PLC,STERIS PLC,STERIS PLC,STERIS PLC
STJ US Equity,STJ,ST JUDE MEDICAL,St Jude Medical Inc,ST JUDE MEDICAL INC,St Jude Medical Inc
STLD US Equity,STLD,STEEL DYNAMICS,Steel Dynamics Inc,STEEL DYNAMICS INC,Steel Dynamics Inc
STT US Equity,STT,STATE ST CORP,State Street Corp,STATE STREET CORP,State Street Corp
STX US Equity,STX,SEAGATE TECHNOLO,Seagate Technology Holdings PL,SEAGATE TECHNOLOGY HOLDINGS,Seagate Technology Holdings PLC
STZ US Equity,STZ,CONSTELLATION-A,Constellation Brands Inc,CONSTELLATION BRANDS INC-A,Constellation Brands Inc
SW US Equity,SW,SMURFIT WESTROCK,Smurfit WestRock PLC,SMURFIT WESTROCK PLC,Smurfit WestRock PLC
SWK US Equity,SWK,STANLEY BLACK &,Stanley Black & Decker Inc,STANLEY BLACK & DECKER INC,Stanley Black & Decker Inc
SWKS US Equity,SWKS,SKYWORKS SOLUTIO,Skyworks Solutions Inc,SKYWORKS SOLUTIONS INC,Skyworks Solutions Inc
SWN US Equity,SWN,SOUTHWESTRN ENGY,Southwestern Energy Co,SOUTHWESTERN ENERGY CO,Southwestern Energy Co
SWY US Equity,SWY,SAFEWAY INC,Safeway Inc,SAFEWAY INC,Safeway Inc
SYF US Equity,SYF,SYNCHRONY FINANC,Synchrony Financial,SYNCHRONY FINANCIAL,Synchrony Financial
SYK US Equity,SYK,STRYKER CORP,Stryker Corp,STRYKER CORP,Stryker Corp
SYY US Equity,SYY,SYSCO CORP,Sysco Corp,SYSCO CORP,Sysco Corp
T US Equity,T,AT&T INC,AT&T Inc,AT&T INC,AT&T Inc
TAP US Equity,TAP,MOLSON COORS-B,Molson Coors Beverage Co,MOLSON COORS BEVERAGE CO - B,Molson Coors Beverage Co
TDC US Equity,TDC,TERADATA CORP,Teradata Corp,TERADATA CORP,Teradata Corp
TDG US Equity,TDG,TRANSDIGM GROUP,TransDigm Group Inc,TRANSDIGM GROUP INC,TransDigm Group Inc
TDY US Equity,TDY,TELEDYNE TECH,Teledyne Technologies Inc,TELEDYNE TECHNOLOGIES INC,Teledyne Technologies Inc
TECH US Equity,TECH,BIO-TECHNE CORP,Bio-Techne Corp,BIO-TECHNE CORP,Bio-Techne Corp
TEG US Equity,TEG,INTEGRYS ENERGY,Integrys Energy Group Inc,INTEGRYS ENERGY GROUP INC,Integrys Energy Group Inc
TEL US Equity,TEL,TE CONNECTIVITY,TE Connectivity PLC,TE CONNECTIVITY PLC,TE Connectivity PLC
TER US Equity,TER,TERADYNE INC,Teradyne Inc,TERADYNE INC,Teradyne Inc
TFC US Equity,TFC,TRUIST FINANCIAL,Truist Financial Corp,TRUIST FINANCIAL CORP,Truist Financial Corp
TFCF US Equity,TFCF,TFCF CORP - B,TFCF Corp,TFCF CORP - B,TFCF Corp
TFCFA US Equity,TFCFA,TFCF CORP,TFCF Corp,TFCF CORP,TFCF Corp
TFX US Equity,TFX,TELEFLEX INC,Teleflex Inc,TELEFLEX INC,Teleflex Inc
TGNA US Equity,TGNA,TEGNA INC,TEGNA Inc,TEGNA INC,TEGNA Inc
TGT US Equity,TGT,TARGET CORP,Target Corp,TARGET CORP,Target Corp
THC US Equity,THC,TENET HEALTHCARE,Tenet Healthcare Corp,TENET HEALTHCARE CORP,Tenet Healthcare Corp
TJX US Equity,TJX,TJX COS INC,TJX Cos Inc/The,TJX COMPANIES INC,TJX Cos Inc/The
TKO US Equity,TKO,TKO GROUP HOLDIN,TKO Group Holdings Inc,TKO GROUP HOLDINGS INC,TKO Group Holdings Inc
TMO US Equity,TMO,THERMO FISHER,Thermo Fisher Scientific Inc,THERMO FISHER SCIENTIFIC INC,Thermo Fisher Scientific Inc
TMUS US Equity,TMUS,T-MOBILE US INC,T-Mobile US Inc,T-MOBILE US INC,T-Mobile US Inc
TNL US Equity,TNL,TRAVEL + LEISURE,Travel + Leisure Co,TRAVEL + LEISURE CO,Travel + Leisure Co
TPL US Equity,TPL,TEXAS PACIFIC LA,Texas Pacific Land Corp,TEXAS PACIFIC LAND CORP,Texas Pacific Land Corp
TPR US Equity,TPR,TAPESTRY INC,Tapestry Inc,TAPESTRY INC,Tapestry Inc
TRGP US Equity,TRGP,TARGA RESOURCES,Targa Resources Corp,TARGA RESOURCES CORP,Targa Resources Corp
TRIP US Equity,TRIP,TRIPADVISOR INC,TripAdvisor Inc,TRIPADVISOR INC,TripAdvisor Inc
TRMB US Equity,TRMB,TRIMBLE INC,Trimble Inc,TRIMBLE INC,Trimble Inc
TROW US Equity,TROW,T ROWE PRICE GRP,T Rowe Price Group Inc,T ROWE PRICE GROUP INC,T Rowe Price Group Inc
TRV US Equity,TRV,TRAVELERS COS IN,Travelers Cos Inc/The,TRAVELERS COS INC/THE,Travelers Cos Inc/The
TSCO US Equity,TSCO,TRACTOR SUPPLY,Tractor Supply Co,TRACTOR SUPPLY COMPANY,Tractor Supply Co
TSLA US Equity,TSLA,TESLA INC,Tesla Inc,TESLA INC,Tesla Inc
TSN US Equity,TSN,TYSON FOODS-A,Tyson Foods Inc,TYSON FOODS INC-CL A,Tyson Foods Inc
TSS US Equity,TSS,TOTAL SYS SERVS,Total System Services Inc,TOTAL SYSTEM SERVICES INC,Total System Services Inc
TT US Equity,TT,TRANE TECHNOLOGI,Trane Technologies PLC,TRANE TECHNOLOGIES PLC,Trane Technologies PLC
TTD US Equity,TTD,TRADE DESK INC-A,Trade Desk Inc/The,TRADE DESK INC/THE -CLASS A,Trade Desk Inc/The
TTWO US Equity,TTWO,TAKE-TWO INTERAC,Take-Two Interactive Software,TAKE-TWO INTERACTIVE SOFTWRE,Take-Two Interactive Software Inc
TWC US Equity,TWC,TIME WARNER CABL,Time Warner Cable Inc,TIME WARNER CABLE,Time Warner Cable Inc
TWTR US Equity,TWTR,TWITTER INC,Twitter Inc,TWITTER INC,Twitter Inc
TWX US Equity,TWX,TIME WARNER INC,Time Warner Inc,TIME WARNER INC,Time Warner Inc
TXN US Equity,TXN,TEXAS INSTRUMENT,Texas Instruments Inc,TEXAS INSTRUMENTS INC,Texas Instruments Inc
TXT US Equity,TXT,TEXTRON INC,Textron Inc,TEXTRON INC,Textron Inc
TYL US Equity,TYL,TYLER TECHNOLOG,Tyler Technologies Inc,TYLER TECHNOLOGIES INC,Tyler Technologies Inc
UA US Equity,UA,UNDER ARMO-C,Under Armour Inc,UNDER ARMOUR INC-CLASS C,Under Armour Inc
UAA US Equity,UAA,UNDER ARMOUR-A,Under Armour Inc,UNDER ARMOUR INC-CLASS A,Under Armour Inc
UAL US Equity,UAL,UNITED AIRLINES,United Airlines Holdings Inc,UNITED AIRLINES HOLDINGS INC,United Airlines Holdings Inc
UBER US Equity,UBER,UBER TECHNOLOGIE,Uber Technologies Inc,UBER TECHNOLOGIES INC,Uber Technologies Inc
UDR US Equity,UDR,UDR INC,UDR Inc,UDR INC,UDR Inc
UHS US Equity,UHS,UNIVERSAL HLTH-B,Universal Health Services Inc,UNIVERSAL HEALTH SERVICES-B,Universal Health Services Inc
ULTA US Equity,ULTA,ULTA BEAUTY INC,Ulta Beauty Inc,ULTA BEAUTY INC,Ulta Beauty Inc
UNH US Equity,UNH,UNITEDHEALTH GRP,UnitedHealth Group Inc,UNITEDHEALTH GROUP INC,UnitedHealth Group Inc
UNM US Equity,UNM,UNUM GROUP,Unum Group,UNUM GROUP,Unum Group
UNP US Equity,UNP,UNION PAC CORP,Union Pacific Corp,UNION PACIFIC CORP,Union Pacific Corp
UPS US Equity,UPS,UNITED PARCEL-B,United Parcel Service Inc,UNITED PARCEL SERVICE-CL B,United Parcel Service Inc
URBN US Equity,URBN,URBAN OUTFITTER,Urban Outfitters Inc,URBAN OUTFITTERS INC,Urban Outfitters Inc
URI US Equity,URI,UNITED RENTALS,United Rentals Inc,UNITED RENTALS INC,United Rentals Inc
USB US Equity,USB,US BANCORP,US Bancorp,US BANCORP,US Bancorp
V US Equity,V,VISA INC-CLASS A,Visa Inc,VISA INC-CLASS A SHARES,Visa Inc
VALPQ US Equity,VALPQ,VALARIS PLC,Valaris plc,VALARIS PLC,Valaris plc
VAR US Equity,VAR,VARIAN MEDICAL S,Varian Medical Systems Inc,VARIAN MEDICAL SYSTEMS INC,Varian Medical Systems Inc
VFC US Equity,VFC,VF CORP,VF Corp,VF CORP,VF Corp
VIAB US Equity,VIAB,VIACOM INC-B,Viacom Inc,VIACOM INC-CLASS B,Viacom Inc
VICI US Equity,VICI,VICI PROPERTIES,VICI Properties Inc,VICI PROPERTIES INC,VICI Properties Inc
VLO US Equity,VLO,VALERO ENERGY,Valero Energy Corp,VALERO ENERGY CORP,Valero Energy Corp
VLTO US Equity,VLTO,VERALTO CORP,Veralto Corp,VERALTO CORP,Veralto Corp
VMC US Equity,VMC,VULCAN MATERIALS,Vulcan Materials Co,VULCAN MATERIALS CO,Vulcan Materials Co
VNO US Equity,VNO,VORNADO RLTY TST,Vornado Realty Trust,VORNADO REALTY TRUST,Vornado Realty Trust
VNT US Equity,VNT,VONTIER CORP,Vontier Corp,VONTIER CORP,Vontier Corp
VRSK US Equity,VRSK,VERISK ANALYTI,Verisk Analytics Inc,VERISK ANALYTICS INC,Verisk Analytics Inc
VRSN US Equity,VRSN,VERISIGN INC,VeriSign Inc,VERISIGN INC,VeriSign Inc
VRTX US Equity,VRTX,VERTEX PHARM,Vertex Pharmaceuticals Inc,VERTEX PHARMACEUTICALS INC,Vertex Pharmaceuticals Inc
VST US Equity,VST,VISTRA CORP,Vistra Corp,VISTRA CORP,Vistra Corp
VTR US Equity,VTR,VENTAS INC,Ventas Inc,VENTAS INC,Ventas Inc
VTRS US Equity,VTRS,VIATRIS INC,Viatris Inc,VIATRIS INC,Viatris Inc
VZ US Equity,VZ,VERIZON COMMUNIC,Verizon Communications Inc,VERIZON COMMUNICATIONS INC,Verizon Communications Inc
WAB US Equity,WAB,WABTEC CORP,Westinghouse Air Brake Technol,WABTEC CORP,Westinghouse Air Brake Technologies Corp
WAT US Equity,WAT,WATERS CORP,Waters Corp,WATERS CORP,Waters Corp
WBA US Equity,WBA,WALGREENS BOOTS,Walgreens Boots Alliance Inc,WALGREENS BOOTS ALLIANCE INC,Walgreens Boots Alliance Inc
WBD US Equity,WBD,WARNER BROS DISC,Warner Bros Discovery Inc,WARNER BROS DISCOVERY INC,Warner Bros Discovery Inc
WCG US Equity,WCG,WELLCARE HEALTH,WellCare Health Plans Inc,WELLCARE HEALTH PLANS INC,WellCare Health Plans Inc
WDAY US Equity,WDAY,WORKDAY INC-A,Workday Inc,WORKDAY INC-CLASS A,Workday Inc
WDC US Equity,WDC,WESTERN DIGITAL,Western Digital Corp,WESTERN DIGITAL CORP,Western Digital Corp
WEC US Equity,WEC,WEC ENERGY GROUP,WEC Energy Group Inc,WEC ENERGY GROUP INC,WEC Energy Group Inc
WELL US Equity,WELL,WELLTOWER INC,Welltower Inc,WELLTOWER INC,Welltower Inc
WFC US Equity,WFC,WELLS FARGO & CO,Wells Fargo & Co,WELLS FARGO & CO,Wells Fargo & Co
WFM US Equity,WFM,WHOLE FOODS MKT,Whole Foods Market Inc,WHOLE FOODS MARKET INC,Whole Foods Market Inc
WHR US Equity,WHR,WHIRLPOOL CORP,Whirlpool Corp,WHIRLPOOL CORP,Whirlpool Corp
WINMQ US Equity,WINMQ,WINDSTREAM HOLDI,Windstream Holdings Inc,WINDSTREAM HOLDINGS INC,Windstream Holdings Inc
WM US Equity,WM,WASTE MANAGEMENT,Waste Management Inc,WASTE MANAGEMENT INC,Waste Management Inc
WMB US Equity,WMB,WILLIAMS COS INC,Williams Cos Inc/The,WILLIAMS COS INC,Williams Cos Inc/The
WMT US Equity,WMT,WALMART INC,Walmart Inc,WALMART INC,Walmart Inc
WRB US Equity,WRB,WR BERKLEY CORP,W R Berkley Corp,WR BERKLEY CORP,W R Berkley Corp
WRK US Equity,WRK,WESTROCK CO,Westrock Co,WESTROCK CO,Westrock Co
WSM US Equity,WSM,WILLIAMS-SONOMA,Williams-Sonoma Inc,WILLIAMS-SONOMA INC,Williams-Sonoma Inc
WST US Equity,WST,WEST PHARMACEUT,West Pharmaceutical Services I,WEST PHARMACEUTICAL SERVICES,West Pharmaceutical Services Inc
WTW US Equity,WTW,WILLIS TOWERS WA,Willis Towers Watson PLC,WILLIS TOWERS WATSON PLC,Willis Towers Watson PLC
WU US Equity,WU,WESTERN UNION,Western Union Co/The,WESTERN UNION CO,Western Union Co/The
WY US Equity,WY,WEYERHAEUSER CO,Weyerhaeuser Co,WEYERHAEUSER CO,Weyerhaeuser Co
WYNN US Equity,WYNN,WYNN RESORTS LTD,Wynn Resorts Ltd,WYNN RESORTS LTD,Wynn Resorts Ltd
XEC US Equity,XEC,COTERRA ENERGY O,Coterra Energy Operating Co,COTERRA ENERGY OPERATING CO,Coterra Energy Operating Co
XEL US Equity,XEL,XCEL ENERGY INC,Xcel Energy Inc,XCEL ENERGY INC,Xcel Energy Inc
XLNX US Equity,XLNX,XILINX INC,Xilinx Inc,XILINX INC,Xilinx Inc
XOM US Equity,XOM,EXXON MOBIL CORP,Exxon Mobil Corp,EXXON MOBIL CORP,Exxon Mobil Corp
XRAY US Equity,XRAY,DENTSPLY SIRONA,DENTSPLY SIRONA Inc,DENTSPLY SIRONA INC,DENTSPLY SIRONA Inc
XRX US Equity,XRX,XEROX HOLDINGS C,Xerox Holdings Corp,XEROX HOLDINGS CORP,Xerox Holdings Corp
XYL US Equity,XYL,XYLEM INC,Xylem Inc/NY,XYLEM INC,Xylem Inc/NY
XYZ US Equity,XYZ,BLOCK INC,Block Inc,BLOCK INC,Block Inc
YUM US Equity,YUM,YUM! BRANDS INC,Yum! Brands Inc,YUM! BRANDS INC,Yum! Brands Inc
ZBH US Equity,ZBH,ZIMMER BIOMET HO,Zimmer Biomet Holdings Inc,ZIMMER BIOMET HOLDINGS INC,Zimmer Biomet Holdings Inc
ZBRA US Equity,ZBRA,ZEBRA TECH CORP,Zebra Technologies Corp,ZEBRA TECHNOLOGIES CORP-CL A,Zebra Technologies Corp
ZION US Equity,ZION,ZIONS BANCORP NA,Zions Bancorp NA,ZIONS BANCORP NA,Zions Bancorp NA
ZTS US Equity,ZTS,ZOETIS INC,Zoetis Inc,ZOETIS INC,Zoetis Inc
